"","ID","type","WP..RTK.GPS.","latitude","longitude","Atltitude..m.","date..GPS.","time..GPS.","Environ","Sp01","Sp02","Sp03","Sp04","Sp04_la","akeroy.blue","akeroy.green","akeroy.nir.","akeroy.red.","akeroy.red.edge"
"1",1,"RTK",20,59.05292888,10.88738281,-0.236,"27/08/2019","13:51:57","below water","no veg","sand","sand","sand","sand",0.0507574379444122,0.0669926777482033,0.0923967733979225,0.0613644495606422,0.0835977122187614
"2",2,"RTK",NA,59.05292795,10.88731641,-0.25,"27/08/2019","13:52:13","below water","no veg","sand","sand","sand","sand",0.0638870075345039,0.0695051103830338,0.0704287216067314,0.0696540698409081,0.0725924521684647
"3",3,"RTK",NA,59.05292969,10.88724877,-0.197,"27/08/2019","13:52:31","below water","no veg","sand","sand","sand","sand",0.0506811365485191,0.0595763064920902,0.0690505802631378,0.0596589371562004,0.0652564167976379
"4",4,"RTK",NA,59.0529779,10.88723758,-0.403,"27/08/2019","13:53:05","below water","no veg","sand","sand","sand","sand",0.0475444309413433,0.0644716769456863,0.0446089170873165,0.0631341487169266,0.0577566474676132
"5",5,"RTK",NA,59.05292729,10.88731788,-0.259,"27/08/2019","13:54:26","below water","no veg","sand","sand","sand","sand",0.0635636150836945,0.0727446749806404,0.0739978402853012,0.0717901065945625,0.0703247115015984
"6",6,"RTK",NA,59.05297076,10.88733374,-0.44,"27/08/2019","13:55:19","below water","no veg","sand","sand","sand","sand",0.0460262298583984,0.0643139258027077,0.0393380485475063,0.059088122099638,0.0544850304722786
"7",7,"RTK",NA,59.05300055,10.88733937,-0.582,"27/08/2019","13:56:24","below water","no veg","sand","sand","sand","sand",0.0373475514352322,0.05892688408494,0.0345418155193329,0.0499898977577686,0.0445099547505379
"8",8,"RTK",NA,59.05304366,10.88741461,-0.364,"27/08/2019","14:02:14","below water","no veg","sand","sand","sand","sand",0.0299483966082335,0.0524852760136127,0.0281955692917109,0.0418417043983936,0.0305532570928335
"9",9,"RTK",NA,59.05308663,10.88745226,-0.613,"27/08/2019","14:03:21","below water","no veg","sand","sand","sand","sand",0.0254922471940517,0.0468641445040703,0.0252289418131113,0.0350347757339478,0.0247648451477289
"10",10,"RTK",NA,59.0531557,10.88751681,-0.856,"27/08/2019","14:04:07","below water","no veg","sand","sand","sand","sand",0.0219621062278748,0.0403635613620281,0.0242459271103144,0.0295521821826696,0.0178620461374521
"11",11,"RTK",NA,59.05290805,10.88757302,-0.106,"27/08/2019","14:15:14","below water","veg","seaweed","Green algae","Green algae","Green algae",0.029426759108901,0.0633947104215622,0.181549280881882,0.0346084609627724,0.146222829818726
"12",12,"RTK",NA,59.05291227,10.88759708,-0.148,"27/08/2019","14:16:10","below water","veg","seaweed","Green algae","Green algae","Green algae",0.0567103400826454,0.0941188335418701,0.205827981233597,0.0667788162827492,0.165896490216255
"13",13,"RTK",NA,59.05292995,10.88766606,-0.355,"27/08/2019","14:17:17","below water","veg","seaweed","brown algae","bladder wrack","fucus vesiculosus",0.0219452586025,0.0304768700152636,0.113007001578808,0.0227418374270201,0.0761896669864655
"14",14,"RTK",NA,59.05293439,10.88764163,-0.37,"27/08/2019","14:17:53","below water","veg","seaweed","brown algae","bladder wrack","fucus vesiculosus",0.022629315033555,0.0341737009584904,0.224682688713074,0.02233512327075,0.12259229272604
"15",15,"RTK",NA,59.05293229,10.88772053,-0.275,"27/08/2019","14:18:53","below water","veg","seaweed","brown algae","bladder wrack","fucus vesiculosus",0.0293384417891502,0.0437186881899834,0.062368530780077,0.0342949666082859,0.0581804737448692
"16",16,"RTK",NA,59.05294334,10.88774664,-0.404,"27/08/2019","14:19:56","below water","no veg","sand","sand","sand","sand",0.0469336397945881,0.0732436701655388,0.0460049323737621,0.0657904222607613,0.0630455762147903
"17",17,"RTK",NA,59.05297391,10.88776088,-0.304,"27/08/2019","14:20:51","below water","veg","seaweed","brown algae","bladder wrack","fucus vesiculosus",0.0232814941555262,0.0318656265735626,0.236815437674522,0.0223406050354242,0.117596544325352
"18",18,"RTK",NA,59.05292487,10.88787073,0.111,"27/08/2019","14:22:12","above water","veg","seaweed","Green algae","Green algae","Green algae",0.0344066843390465,0.0876305624842644,0.275258541107178,0.0406388863921165,0.208493128418922
"19",19,"RTK",NA,59.05291155,10.88786127,0.109,"27/08/2019","14:22:47","above water","veg","seaweed","Green algae","Green algae","Green algae",0.0321044400334358,0.0754689574241638,0.189592570066452,0.0379617139697075,0.170809611678123
"20",20,"RTK",NA,59.05294955,10.88784021,0.171,"27/08/2019","14:23:32","above water","veg","lichen","Lichen","Lichen","Lichen",0.0468385219573975,0.0568792372941971,0.139426708221436,0.0497288592159748,0.078460618853569
"21",21,"RTK",NA,59.05306793,10.88799541,0.092,"27/08/2019","14:24:26","above water","veg","lichen","Lichen","Lichen","Lichen",0.0499322190880775,0.0635040253400803,0.168091326951981,0.0564593151211739,0.0947305858135223
"22",22,"RTK",NA,59.05306821,10.88799541,0.085,"27/08/2019","14:24:33","above water","veg","lichen","Lichen","Lichen","Lichen",0.0499322190880775,0.0635040253400803,0.168091326951981,0.0564593151211739,0.0947305858135223
"23",23,"RTK",NA,59.05304949,10.88805374,0.146,"27/08/2019","14:25:07","above water","veg","lichen","Lichen","Lichen","Lichen",0.0521293431520462,0.0657923445105553,0.173165753483772,0.0599664151668549,0.0960148796439171
"24",24,"RTK",NA,59.05317729,10.8880963,0.129,"27/08/2019","14:26:12","above water","veg","lichen","Lichen","Lichen","Lichen",0.0608125515282154,0.0784568339586258,0.179530084133148,0.0697642490267754,0.119344435632229
"25",25,"RTK",NA,59.05319981,10.88810327,-0.332,"27/08/2019","14:27:20","below water","veg","seaweed","brown algae","bladder wrack","fucus vesiculosus",0.0165679305791855,0.0219937805086374,0.243356421589851,0.0156286153942347,0.107961766421795
"26",26,"RTK",NA,59.05327177,10.88842632,0.155,"27/08/2019","14:29:10","above water","veg","lichen","Lichen","Lichen","Lichen",0.0701098814606667,0.0872797816991806,0.199047327041626,0.0773172006011009,0.124692536890507
"27",27,"RTK",NA,59.05333088,10.88846527,-0.346,"27/08/2019","14:31:49","below water","veg","seaweed","brown algae","bladder wrack","fucus vesiculosus",0.0177743174135685,0.0234713591635227,0.228027880191803,0.016535647213459,0.102513425052166
"28",28,"RTK",NA,59.05353331,10.88906709,-0.089,"27/08/2019","14:34:59","below water","veg","seaweed","Green algae","Green algae","Green algae",0.0213694795966148,0.0397977530956268,0.236352369189262,0.0250450503081083,0.137801364064217
"29",29,"RTK",NA,59.05335985,10.88975512,-0.636,"27/08/2019","14:41:06","below water","veg","seaweed","Green algae","Green algae","Green algae",0.0214804708957672,0.0234831757843494,0.0563438311219215,0.0175976157188416,0.0623415671288967
"30",30,"RTK",NA,59.0533597,10.88975581,-0.637,"27/08/2019","14:41:37","below water","veg","seaweed","brown algae","fucus serratus ","fucus serratus ",0.0214804708957672,0.0234831757843494,0.0563438311219215,0.0175976157188416,0.0623415671288967
"31",31,"RTK",NA,59.053221,10.88974095,-0.636,"27/08/2019","14:43:59","below water","veg","seaweed","brown algae","fucus serratus ","fucus serratus ",0.0213596913963556,0.0225378107279539,0.0544235818088055,0.0173187647014856,0.0613369271159172
"32",32,"RTK",NA,59.05340988,10.88978813,-0.512,"27/08/2019","14:46:47","below water","veg","seaweed","brown algae","fucus serratus ","fucus serratus ",0.0205517522990704,0.0236448775976896,0.0661568939685822,0.0161979217082262,0.0753072276711464
"33",33,"RTK",NA,59.04497038,10.87498564,-0.207,"27/08/2019","15:07:35","below water","veg","seaweed","Red Algae","Red Algae","Red Algae",0.0151907252147794,0.0136336125433445,0.0379603840410709,0.0158439297229052,0.0715694725513458
"34",34,"RTK",NA,59.04495062,10.8751549,-0.394,"27/08/2019","15:10:58","below water","veg","seaweed","Red Algae","Red Algae","Red Algae",0.0159636680036783,0.0128401014953852,0.0279600750654936,0.0144166350364685,0.0424851514399052
"35",35,"RTK",NA,59.04501216,10.87514926,0.443,"27/08/2019","15:14:32","terrestrial ","no veg","rock","rock","rock","rock",0.29489740729332,0.247317165136337,0.399001598358154,0.285586506128311,0.357722222805023
"36",36,"RTK",NA,59.04504124,10.87499788,0.381,"27/08/2019","15:15:17","terrestrial ","no veg","rock","rock","rock","rock",0.351352661848068,0.324795246124268,0.40081188082695,0.366600543260574,0.399660795927048
"37",37,"RTK",NA,59.04499199,10.87549457,0.612,"27/08/2019","15:17:01","terrestrial ","veg","lichen","Lichen","Lichen","Lichen",0.0664397552609444,0.068074494600296,0.169324666261673,0.0640783980488777,0.0971243679523468
"38",38,"RTK",NA,59.04487954,10.87572027,-0.296,"27/08/2019","15:22:11","below water","veg","seaweed","Red Algae","Red Algae","Red Algae",0.0146701028570533,0.0169924050569534,0.0338342823088169,0.0170060358941555,0.0585596188902855
"39",39,"RTK",NA,59.04501811,10.87620589,-0.213,"27/08/2019","15:25:54","below water","veg","seaweed","Green algae","Green algae","Green algae",0.0148114757612348,0.0301333200186491,0.0497263483703136,0.017591105774045,0.0781595855951309
"40",40,"RTK",NA,59.04503123,10.87640835,0.995,"27/08/2019","15:27:45","terrestrial ","veg","lichen","Lichen","Lichen","Lichen",0.0373411439359188,0.0453038178384304,0.133714869618416,0.0529725104570389,0.0742276683449745
"41",41,"RTK",NA,59.04321614,10.87922128,-0.219,"27/08/2019","15:49:24","below water","no veg","sand","sand","sand","sand",0.0873370841145515,0.118392832577229,0.0699124559760094,0.115583524107933,0.114835441112518
"42",42,"RTK",NA,59.04323318,10.87921179,-0.488,"27/08/2019","15:50:50","below water","no veg","sand","sand","sand","sand",0.0489483140408993,0.0822755992412567,0.0243481379002333,0.0708760842680931,0.0575916953384876
"43",43,"RTK",NA,59.04325414,10.87924554,-0.75,"27/08/2019","15:51:48","below water","no veg","sand","sand","sand","sand",0.0336350910365582,0.0681651681661606,0.0167484264820814,0.0524419136345387,0.0337911173701286
"44",44,"RTK",NA,59.04330147,10.87926803,-1.198,"27/08/2019","15:53:27","below water","no veg","sand","sand","sand","sand",0.0211810283362865,0.0430601723492146,0.0133275771513581,0.0265980456024408,0.0161676369607449
"45",45,"RTK",NA,59.04326345,10.87936045,-0.31,"27/08/2019","15:55:09","below water","veg","seaweed","brown algae","bladder wrack","fucus vesiculosus",0.0116641195490956,0.0136396707966924,0.0646549165248871,0.00938568077981472,0.0489222854375839
"46",46,"RTK",NA,59.04325667,10.87938087,-0.608,"27/08/2019","0.664583333","below water","veg","seaweed","brown algae","fucus serratus ","fucus serratus ",0.0115811713039875,0.0143665056675673,0.0270189922302961,0.00942824501544237,0.0328891612589359
"47",47,"RTK",NA,59.04186465,10.88314291,-0.676,"27/08/2019","16:03:17","below water","veg","seaweed","brown algae","fucus serratus ","fucus serratus ",0.0140371257439256,0.0164156854152679,0.0251846350729465,0.0121311750262976,0.0307151824235916
"48",48,"RTK",NA,59.04185597,10.88314862,-0.428,"27/08/2019","16:04:26","below water","veg","seaweed","brown algae","bladder wrack","bladder wrack",0.0146045293658972,0.0156061528250575,0.0349941216409206,0.0122081739827991,0.0351150594651699
"49",49,"RTK",NA,59.04182319,10.88316144,-0.317,"27/08/2019","16:06:20","below water","veg","seaweed","brown algae","bladder wrack","bladder wrack",0.0147877121344209,0.0173488110303879,0.0578033439815044,0.0113493707031012,0.054226528853178
"50",50,"RTK",NA,59.04178815,10.88316168,-0.41,"27/08/2019","16:08:13","below water","veg","seaweed","brown algae","fucus serratus ","fucus serratus ",0.0147845325991511,0.0213712397962809,0.0371634848415852,0.0120134083554149,0.0615244619548321
"51",51,"RTK",NA,59.0417836,10.88320059,-0.601,"27/08/2019","16:08:59","below water","veg","seaweed","brown algae","fucus serratus ","fucus serratus ",0.0143673224374652,0.0168090313673019,0.0345904640853405,0.0118176126852632,0.0484148487448692
"52",52,"RTK",NA,59.04177131,10.88323108,-0.67,"27/08/2019","16:09:49","below water","veg","seaweed","brown algae","fucus serratus ","fucus serratus ",0.0145241785794497,0.0181588791310787,0.0273831877857447,0.0110984425991774,0.0378014221787453
"53",137,"drop cam",203,59.03712102,10.87304,NA,"26/08/2019","14:11:49","below water","","","","","",NA,NA,NA,NA,NA
"54",138,"drop cam",204,59.03802501,10.87276096,NA,"26/08/2019","14:17:34","below water","","","","","",NA,NA,NA,NA,NA
"55",139,"drop cam",205,59.03833204,10.87055703,NA,"26/08/2019","14:21:04","below water","","","","","",NA,NA,NA,NA,NA
"56",140,"drop cam",206,59.03911097,10.872034,NA,"26/08/2019","14:23:36","below water","","","","","",NA,NA,NA,NA,NA
"57",141,"drop cam",207,59.04034797,10.87146001,NA,"26/08/2019","14:26:29","below water","","","","","",NA,NA,NA,NA,NA
"58",142,"drop cam",208,59.04149001,10.87142799,NA,"26/08/2019","14:29:01","below water","","","","","",NA,NA,NA,NA,NA
"59",143,"drop cam",209,59.04284301,10.87156202,NA,"26/08/2019","14:32:09","below water","","","","","",NA,NA,NA,NA,NA
"60",144,"drop cam",210,59.044035,10.87115801,NA,"26/08/2019","14:35:33","below water","","","","","",NA,NA,NA,NA,NA
"61",145,"drop cam",211,59.04471503,10.871042,NA,"26/08/2019","14:37:29","below water","","","","","",0.0158562641590834,0.016345102339983,0.010279493406415,0.00987929385155439,0.00836557801812887
"62",146,"drop cam",212,59.04482198,10.87106204,NA,"26/08/2019","14:38:35","below water","","","","","",0.016806498169899,0.0170772224664688,0.0157286580651999,0.0120394630357623,0.0109151778742671
"63",147,"drop cam",213,59.04490303,10.87104301,NA,"26/08/2019","14:39:15","below water","","","","","",0.020810766145587,0.018413670361042,0.0204684734344482,0.014297666028142,0.019942432641983
"64",148,"drop cam",214,59.044969,10.87451496,NA,"26/08/2019","14:41:29","below water","","","","","",0.0133143290877342,0.0122580556198955,0.0140384519472718,0.00959405954927206,0.0118320668116212
"65",149,"drop cam",215,59.04473296,10.87455302,NA,"26/08/2019","14:42:59","below water","","","","","",0.0136599643155932,0.013322226703167,0.00965481251478195,0.00826153345406055,0.00693152425810695
"66",150,"drop cam",216,59.04407599,10.87476298,NA,"26/08/2019","14:44:08","below water","","","","","",0.024155531078577,0.0283574145287275,0.0172229297459126,0.0139280054718256,0.0145217142999172
"67",151,"drop cam",217,59.04280303,10.87512097,NA,"26/08/2019","14:45:57","below water","","","","","",NA,NA,NA,NA,NA
"68",152,"drop cam",219,59.04188597,10.87644196,NA,"26/08/2019","14:48:53","below water","","","","","",0.013086418621242,0.0114506157115102,0.00662539340555668,0.0088483951985836,0.00992605835199356
"69",153,"drop cam",220,59.04194699,10.87658999,NA,"26/08/2019","14:50:30","below water","","","","","",0.0124045806005597,0.0131436493247747,0.00624470785260201,0.00764986453577876,0.014197364449501
"70",154,"drop cam",221,59.04192897,10.87676198,NA,"26/08/2019","14:51:27","below water","","","","","",0.011208145879209,0.0101106371730566,0.0092863729223609,0.0081006120890379,0.0223761312663555
"71",155,"drop cam",222,59.04179804,10.87680498,NA,"26/08/2019","14:52:13","below water","","","","","",0.0124554270878434,0.0148081025108695,0.0067124986089766,0.00778390234336257,0.0112970191985369
"72",156,"drop cam",223,59.04170098,10.87655897,NA,"26/08/2019","14:53:41","below water","","","","","",0.0113993342965841,0.0119719170033932,0.00448781717568636,0.00684267375618219,0.00670656934380531
"73",157,"drop cam",224,59.04178496,10.87616301,NA,"26/08/2019","14:54:55","below water","","","","","",0.0119333323091269,0.0128831584006548,0.00396929122507572,0.00769469840452075,0.00720962835475802
"74",158,"drop cam",225,59.04126101,10.87523899,NA,"26/08/2019","14:56:42","below water","","","","","",NA,NA,NA,NA,NA
"75",159,"drop cam",226,59.040181,10.87494596,NA,"26/08/2019","15:00:28","below water","","","","","",NA,NA,NA,NA,NA
"76",160,"drop cam",227,59.03881199,10.87478,NA,"26/08/2019","15:02:19","below water","","","","","",NA,NA,NA,NA,NA
"77",161,"drop cam",228,59.03796198,10.87505199,NA,"26/08/2019","15:03:45","below water","","","","","",NA,NA,NA,NA,NA
"78",162,"drop cam",230,59.03798503,10.87797903,NA,"26/08/2019","15:22:32","below water","","","","","",NA,NA,NA,NA,NA
"79",163,"drop cam",231,59.03668801,10.87838396,NA,"26/08/2019","15:25:47","below water","","","","","",NA,NA,NA,NA,NA
"80",164,"drop cam",232,59.03489898,10.87783604,NA,"26/08/2019","15:28:37","below water","","","","","",NA,NA,NA,NA,NA
"81",165,"drop cam",233,59.03933099,10.87828598,NA,"26/08/2019","15:33:39","below water","","","","","",NA,NA,NA,NA,NA
"82",166,"drop cam",234,59.04054402,10.878375,NA,"26/08/2019","15:36:40","below water","","","","","",0.0126878684386611,0.0133531400933862,0.00473239971324801,0.00759965507313609,0.00503600714728236
"83",167,"drop cam",235,59.04120896,10.87849502,NA,"26/08/2019","15:39:53","below water","","","","","",0.0118576800450683,0.0120237823575735,0.00631739897653461,0.00742239551618695,0.00660226866602898
"84",168,"drop cam",236,59.04132002,10.87841498,NA,"26/08/2019","15:40:58","below water","","","","","",0.0119465719908476,0.0116293225437403,0.00794804003089666,0.00711884070187807,0.0146242594346404
"85",169,"drop cam",237,59.04134701,10.878448,NA,"26/08/2019","15:42:38","below water","","","","","",0.0114739146083593,0.0128395911306143,0.00692379334941506,0.00676126126199961,0.0101079633459449
"86",170,"drop cam",238,59.04129202,10.87840802,NA,"26/08/2019","15:44:11","below water","","","","","",0.0120617160573602,0.0116784106940031,0.00850899424403906,0.00748679274693131,0.0168989915400743
"87",171,"drop cam",239,59.041489,10.87829201,NA,"26/08/2019","15:48:47","below water","","","","","",0.0120894350111485,0.0154210226610303,0.0179044250398874,0.00737934792414308,0.0382054001092911
"88",172,"drop cam",240,59.04151096,10.87833996,NA,"26/08/2019","15:49:01","below water","","","","","",0.0126822907477617,0.015430236235261,0.0194832310080528,0.00772413425147533,0.0381988100707531
"89",173,"drop cam",241,59.04151004,10.87838396,NA,"26/08/2019","15:49:40","below water","","","","","",0.0126546518877149,0.0189271233975887,0.0226729419082403,0.00837167259305716,0.0483263172209263
"90",174,"drop cam",242,59.04143301,10.87803301,NA,"26/08/2019","15:50:39","below water","","","","","",0.0113486396148801,0.0143117373809218,0.00931116938591003,0.00808938965201378,0.0123213874176145
"91",175,"drop cam",243,59.04209903,10.87938501,NA,"26/08/2019","15:55:35","below water","","","","","",0.0112732145935297,0.0107794813811779,0.0256956238299608,0.00991559866815805,0.0593506246805191
"92",176,"drop cam",244,59.04207598,10.879426,NA,"26/08/2019","15:56:01","below water","","","","","",0.011481792666018,0.0111792497336864,0.0102434335276484,0.00806413777172565,0.0125707965344191
"93",177,"drop cam",245,59.04283203,10.87964703,NA,"26/08/2019","15:58:09","below water","","","","","",0.0126065416261554,0.0128861302509904,0.0114476820454001,0.00890491623431444,0.00926839280873537
"94",178,"drop cam",246,59.04339697,10.87933204,NA,"26/08/2019","16:00:09","below water","","","","","",0.0159297026693821,0.0320249013602734,0.0103182327002287,0.0173644591122866,0.00981550477445126
"95",179,"drop cam",247,59.04331801,10.87926398,NA,"26/08/2019","16:00:32","below water","","","","","",0.0246791560202837,0.0604263022542,0.013381602242589,0.0364414565265179,0.0182978324592113
"96",180,"drop cam",248,59.04335498,10.87922199,NA,"26/08/2019","16:01:46","below water","","","","","",0.0253213979303837,0.0582015328109264,0.0124891130253673,0.0395302399992943,0.0192060451954603
"97",181,"drop cam",249,59.04402603,10.87921897,NA,"26/08/2019","16:03:22","below water","","","","","",0.0122111085802317,0.0127468034625053,0.0062246504239738,0.0076667950488627,0.00598356127738953
"98",182,"drop cam",250,59.044595,10.87882502,NA,"26/08/2019","16:07:26","below water","","","","","",0.0134692275896668,0.0141371143981814,0.0163732636719942,0.0102901803329587,0.0153931211680174
"99",183,"drop cam",251,59.04455099,10.88029001,NA,"26/08/2019","16:10:01","below water","","","","","",0.0129849249497056,0.0176316760480404,0.0123989759013057,0.00935943983495235,0.00686232699081302
"100",184,"drop cam",252,59.04469298,10.88236897,NA,"26/08/2019","16:13:32","below water","","","","","",0.0123791377991438,0.0147017706185579,0.0186889655888081,0.00905652996152639,0.0252269878983498
"101",185,"drop cam",253,59.04472601,10.88246704,NA,"26/08/2019","16:14:12","below water","","","","","",0.0125514417886734,0.0127429701387882,0.0184336211532354,0.00952867232263088,0.0138700855895877
"102",186,"drop cam",254,59.04450296,10.88257098,NA,"26/08/2019","16:15:19","below water","","","","","",0.0124153727665544,0.0119712371379137,0.0139914946630597,0.00941075477749109,0.00767961191013455
"103",187,"drop cam",255,59.04297503,10.88242203,NA,"26/08/2019","16:17:12","below water","","","","","",0.0138079151511192,0.0139789478853345,0.0156059544533491,0.0101799909025431,0.00912282057106495
"104",188,"drop cam",257,59.04212502,10.882705,NA,"26/08/2019","16:19:18","below water","","","","","",0.013073518872261,0.0129739101976156,0.0153320096433163,0.0101517857983708,0.00971173867583275
"105",189,"drop cam",258,59.04109597,10.88269,NA,"26/08/2019","16:21:14","below water","","","","","",0.0128432279452682,0.0123106008395553,0.0138647928833961,0.00999159924685955,0.00862185657024384
"106",190,"drop cam",259,59.04107703,10.88268598,NA,"26/08/2019","16:21:49","below water","","","","","",0.0134378438815475,0.0149801783263683,0.0157978758215904,0.0102607002481818,0.00926634296774864
"107",191,"drop cam",260,59.03981597,10.88284004,NA,"26/08/2019","16:26:39","below water","","","","","",0.013236234895885,0.0149150714278221,0.0201742369681597,0.011782443150878,0.00973435398191214
"108",192,"drop cam",261,59.03912396,10.88537598,NA,"26/08/2019","16:28:36","below water","","","","","",0.0164271723479033,0.0180790200829506,0.0337936393916607,0.0166460629552603,0.0194848664104939
"109",193,"drop cam",262,59.03840597,10.88283098,NA,"26/08/2019","16:30:10","below water","","","","","",0.0106044420972466,0.0103443115949631,0.00449685892090201,0.00665617827326059,0.00552572635933757
"110",194,"drop cam",263,59.03694601,10.88333901,NA,"26/08/2019","16:32:40","below water","","","","","",0.0120364455506206,0.0153748681768775,0.00650243181735277,0.00770615180954337,0.00542375445365906
"111",195,"drop cam",264,59.03780599,10.88051599,NA,"26/08/2019","16:34:56","below water","","","","","",NA,NA,NA,NA,NA
"112",196,"drop cam",265,59.03858903,10.879412,NA,"27/08/2019","16:36:52","below water","","","","","",NA,NA,NA,NA,NA
"113",197,"drop cam",266,59.05385097,10.89341297,NA,"27/08/2019","15:11:56","below water","","","","","",NA,NA,NA,NA,NA
"114",198,"drop cam",267,59.05345299,10.89370902,NA,"27/08/2019","15:14:12","below water","","","","","",NA,NA,NA,NA,NA
"115",199,"drop cam",268,59.05271597,10.89322002,NA,"27/08/2019","15:17:20","below water","","","","","",0.0143242385238409,0.019806819036603,0.00470580393448472,0.00870192144066095,0.00537000503391027
"116",200,"drop cam",269,59.05155399,10.89434898,NA,"27/08/2019","15:19:15","below water","","","","","",0.012353434227407,0.0108164371922612,0.00525095919147134,0.0066729262471199,0.00523379817605019
"117",201,"drop cam",270,59.05119197,10.89478198,NA,"27/08/2019","15:20:44","below water","","","","","",0.0144926952198148,0.0147815560922027,0.0135520519688725,0.010023320093751,0.00844705756753683
"118",202,"drop cam",271,59.05074698,10.89358396,NA,"27/08/2019","15:25:21","below water","","","","","",0.0169165320694447,0.0187584534287453,0.0147859500721097,0.0120717864483595,0.00932944100350142
"119",203,"drop cam",272,59.05079501,10.89287301,NA,"27/08/2019","15:26:50","below water","","","","","",0.0156254637986422,0.0157878398895264,0.00863911584019661,0.0102752512320876,0.00800538901239634
"120",204,"drop cam",273,59.05099299,10.89214303,NA,"27/08/2019","15:29:11","below water","","","","","",0.0133461896330118,0.0151955913752317,0.00710160378366709,0.00732412235811353,0.00492991739884019
"121",205,"drop cam",274,59.05130404,10.89141397,NA,"27/08/2019","15:32:00","below water","","","","","",0.0131787620484829,0.0146504146978259,0.0046938406303525,0.00840980466455221,0.00683715846389532
"122",206,"drop cam",275,59.051613,10.89064602,NA,"27/08/2019","15:34:36","below water","","","","","",NA,0.0148280533030629,0.00551423896104097,NA,0.00773647846654058
"123",207,"drop cam",276,59.05178902,10.88982702,NA,"27/08/2019","15:35:54","below water","","","","","",0.016141751781106,0.0175936743617058,0.0105037204921246,0.0104880891740322,0.00957620795816183
"124",208,"drop cam",277,59.05179203,10.88950398,NA,"27/08/2019","15:38:01","below water","","","","","",0.0172344781458378,0.0177219491451979,0.0118789291009307,0.0115252006798983,0.00922032445669174
"125",209,"drop cam",278,59.05176102,10.88961102,NA,"27/08/2019","15:38:55","below water","","","","","",0.0171916540712118,0.0172731019556522,0.0128623489290476,0.0117519097402692,0.00895995367318392
"126",210,"drop cam",279,59.05167201,10.88984597,NA,"27/08/2019","15:40:54","below water","","","","","",0.0170083586126566,0.0174340736120939,0.00952502992004156,0.0116164451465011,0.00914958585053682
"127",211,"drop cam",280,59.05115602,10.89013497,NA,"27/08/2019","15:43:05","below water","","","","","",0.0143288094550371,0.0156367644667625,0.00828349404036999,0.00934191793203354,0.00748520763590932
"128",212,"drop cam",281,59.05064799,10.89042398,NA,"27/08/2019","15:44:37","below water","","","","","",0.014540116302669,0.0164112728089094,0.00973132625222206,0.00998710468411446,0.00724630849435925
"129",213,"drop cam",282,59.05059996,10.88999399,NA,"27/08/2019","15:46:27","below water","","","","","",0.014360255561769,0.0161789171397686,0.0113874841481447,0.0102357175201178,0.00863088201731443
"130",214,"drop cam",283,59.05058102,10.88999298,NA,"27/08/2019","15:46:41","below water","","","","","",0.0142089501023293,0.0170503947883844,0.011844165623188,0.010732120834291,0.00782673805952072
"131",215,"drop cam",284,59.05055101,10.89033396,NA,"27/08/2019","15:48:56","below water","","","","","",0.0141721712425351,0.0155796837061644,0.0110550634562969,0.0108334347605705,0.00827383995056152
"132",216,"drop cam",285,59.05052796,10.89035802,NA,"27/08/2019","15:49:09","below water","","","","","",0.0141219813376665,0.0154374148696661,0.01214565243572,0.0111168101429939,0.00797866564244032
"133",217,"drop cam",286,59.05048404,10.89041099,NA,"27/08/2019","15:49:42","below water","","","","","",0.0148486699908972,0.0214027930051088,0.0122086675837636,0.0135616241022944,0.0102997459471226
"134",218,"drop cam",287,59.05067397,10.890211,NA,"27/08/2019","15:52:55","below water","","","","","",0.0137857245281339,0.0153499944135547,0.0100521026179194,0.00972882565110922,0.00671807629987597
"135",219,"drop cam",288,59.050707,10.89028602,NA,"27/08/2019","15:53:35","below water","","","","","",0.0142040271311998,0.0159878022968769,0.00891943275928497,0.00951571017503738,0.00648565916344523
"136",220,"drop cam",289,59.05062201,10.89027202,NA,"27/08/2019","15:54:54","below water","","","","","",0.0146758817136288,0.0154587915167212,0.0103376396000385,0.00965274311602116,0.00819307565689087
"137",221,"drop cam",290,59.05059099,10.890225,NA,"27/08/2019","15:55:09","below water","","","","","",0.0145059451460838,0.0156946610659361,0.00972130615264177,0.0104178860783577,0.00739504676312208
"138",222,"drop cam",291,59.050635,10.88956098,NA,"27/08/2019","15:58:26","below water","","","","","",0.0160065069794655,0.017868397757411,0.0133789759129286,0.0109883891418576,0.0094845425337553
"139",223,"drop cam",292,59.050808,10.88926703,NA,"27/08/2019","16:00:10","below water","","","","","",0.0164492651820183,0.0178444143384695,0.0134739214554429,0.0123328594490886,0.0107935713604093
"140",224,"drop cam",293,59.05070297,10.88899696,NA,"27/08/2019","16:01:40","below water","","","","","",0.0170502755790949,0.0195726212114096,0.0172515492886305,0.0138640217483044,0.0127867925912142
"141",225,"drop cam",294,59.05065604,10.88889202,NA,"27/08/2019","16:02:32","below water","","","","","",0.0176443047821522,0.0190842971205711,0.0181493312120438,0.0143300024792552,0.0139591414481401
"142",226,"drop cam",295,59.05062603,10.888702,NA,"27/08/2019","16:03:18","below water","","","","","",0.0179850626736879,0.0210111476480961,0.0202843490988016,0.015226524323225,0.0147412279620767
"143",227,"drop cam",296,59.05062201,10.88866797,NA,"27/08/2019","16:03:59","below water","","","","","",0.0182244479656219,0.0207074265927076,0.020043607801199,0.0160400792956352,0.0142540438100696
"144",228,"drop cam",297,59.05104596,10.88908397,NA,"27/08/2019","16:06:37","below water","","","","","",0.0156255792826414,0.0183016359806061,0.0134055251255631,0.0127044562250376,0.00987060088664293
"145",229,"drop cam",298,59.05116398,10.88875598,NA,"27/08/2019","16:07:29","below water","","","","","",0.0184072479605675,0.0225165411829948,0.0204478558152914,0.0170034449547529,0.0144381849095225
"146",230,"drop cam",299,59.05112903,10.88858399,NA,"27/08/2019","16:08:16","below water","","","","","",0.0188287105411291,0.0220758132636547,0.023030798882246,0.0169677753001451,0.0192082319408655
"147",231,"drop cam",300,59.05114998,10.88882497,NA,"27/08/2019","16:08:54","below water","","","","","",0.018231276422739,0.0232222117483616,0.0190136451274157,0.0167897883802652,0.0133019359782338
"148",232,"drop cam",301,59.05129801,10.88909402,NA,"27/08/2019","16:10:09","below water","","","","","",0.0162883140146732,0.0182726960629225,0.01368173584342,0.012139436788857,0.00955924671143293
"149",233,"drop cam",302,59.05133497,10.88947297,NA,"27/08/2019","16:10:59","below water","","","","","",0.0161277707666159,0.0173083525151014,0.0113270999863744,0.0109292976558208,0.00893427897244692
"150",234,"drop cam",303,59.05129398,10.88935202,NA,"27/08/2019","16:11:46","below water","","","","","",0.0160858705639839,0.0180436167865992,0.011950146406889,0.0118119129911065,0.010035521350801
"151",235,"drop cam",304,59.05124302,10.88925797,NA,"27/08/2019","16:12:13","below water","","","","","",0.0160975493490696,0.0183321461081505,0.0133832646533847,0.0114953108131886,0.00983585510402918
"152",236,"drop cam",305,59.05144704,10.88925303,NA,"27/08/2019","16:13:56","below water","","","","","",0.0160258151590824,0.0185018815100193,0.0132528012618423,0.011279639787972,0.00974963791668415
"153",237,"drop cam",306,59.05146598,10.88906997,NA,"27/08/2019","16:14:32","below water","","","","","",0.0161357149481773,0.0167689695954323,0.0139793315902352,0.0120896156877279,0.0123783107846975
"154",238,"drop cam",307,59.05147796,10.88895002,NA,"27/08/2019","16:15:01","below water","","","","","",0.016743391752243,0.018311521038413,0.0161952972412109,0.0123614957556129,0.0102618969976902
"155",239,"drop cam",308,59.05146003,10.88895597,NA,"27/08/2019","16:15:35","below water","","","","","",0.0162874199450016,0.0185208078473806,0.0152287762612104,0.0125549845397472,0.0112188328057528
"156",240,"drop cam",309,59.05145902,10.88900803,NA,"27/08/2019","16:15:50","below water","","","","","",0.0159661434590816,0.0168958660215139,0.0149594182148576,0.0122326500713825,0.0110207144171
"157",241,"drop cam",310,59.05488504,10.88720902,NA,"27/08/2019","16:22:43","below water","","","","","",NA,NA,NA,NA,NA
"158",242,"drop cam",311,59.05512996,10.88628802,NA,"27/08/2019","16:24:33","below water","","","","","",NA,NA,NA,NA,NA
"159",243,"drop cam",312,59.05512703,10.88630101,NA,"27/08/2019","16:24:46","below water","","","","","",NA,NA,NA,NA,NA
"160",244,"drop cam",313,59.05522602,10.88531898,NA,"27/08/2019","16:25:49","below water","","","","","",0.0133306076750159,0.0142866438254714,0.00767392618581653,0.00918578822165728,0.00691909994930029
"161",245,"drop cam",314,59.05536801,10.88449404,NA,"27/08/2019","16:27:31","below water","","","","","",0.0132835125550628,0.0138946957886219,0.00807657279074192,0.00805273931473494,0.00720523856580257
"162",246,"drop cam",315,59.055137,10.88416404,NA,"27/08/2019","16:29:27","below water","","","","","",0.0148725342005491,0.0158575586974621,0.0113224405795336,0.0104573201388121,0.00875236187130213
"163",247,"drop cam",316,59.05500197,10.88377403,NA,"27/08/2019","16:30:38","below water","","","","","",0.0174339171499014,0.0173509307205677,0.0171080734580755,0.013279945589602,0.0169024989008904
"164",248,"drop cam",317,59.05484699,10.88374503,NA,"27/08/2019","16:31:44","below water","","","","","",0.0201414451003075,0.0211908556520939,0.0202605649828911,0.0153943616896868,0.0151088368147612
"165",249,"drop cam",318,59.05474498,10.88410797,NA,"27/08/2019","16:32:53","below water","","","","","",0.0188750810921192,0.0218031108379364,0.0172832403331995,0.0153805613517761,0.0140775917097926
"166",250,"drop cam",319,59.05466502,10.88524598,NA,"27/08/2019","16:34:42","below water","","","","","",0.0131906997412443,0.0169590581208467,0.00568142673000693,0.009932741522789,0.00687865912914276
"167",251,"drop cam",320,59.05428104,10.88611099,NA,"27/08/2019","16:36:10","below water","","","","","",0.0136940889060497,0.014651826582849,0.00580126931890845,0.00918038375675678,0.00705065904185176
"168",252,"drop cam",321,59.05379296,10.88621501,NA,"27/08/2019","16:38:25","below water","","","","","",0.0187686663120985,0.0238299891352654,0.0106363371014595,0.016035633161664,0.0107959844172001
"169",253,"drop cam",322,59.053512,10.885926,NA,"27/08/2019","16:39:49","below water","","","","","",0.019561231136322,0.0326436869800091,0.0126243038102984,0.0215240865945816,0.0111714955419302
"170",254,"drop cam",323,59.05342399,10.88581896,NA,"27/08/2019","16:41:07","below water","","","","","",0.0199323482811451,0.0352267175912857,0.0147204855456948,0.0238203071057796,0.0141444271430373
"171",255,"drop cam",324,59.05343296,10.88620503,NA,"27/08/2019","16:43:41","below water","","","","","",0.0192763041704893,0.0293830409646034,0.0143780196085572,0.0203338079154491,0.0135818859562278
"172",256,"drop cam",325,59.05382004,10.88628701,NA,"27/08/2019","16:45:26","below water","","","","","",0.0173975620418787,0.0210084021091461,0.00911562610417604,0.0128982327878475,0.00975220836699009
"173",257,"drop cam",326,59.05364502,10.88784596,NA,"27/08/2019","16:47:26","below water","","","","","",0.0158844906836748,0.0186525676399469,0.0121358437463641,0.0109018078073859,0.00791385024785995
"174",258,"drop cam",327,59.05317999,10.88747104,NA,"27/08/2019","16:48:53","below water","","","","","",0.0214895140379667,0.0403282307088375,0.0219763498753309,0.0281634572893381,0.0181392375379801
