"Category","blue","green","nir","rededge","red","Dataset","Level","Area","Predcat"
"Rock",0.0635249465703964,0.0794556811451912,0.132113993167877,0.112042285501957,0.0793504938483238,"Man",NA,"Akeroya","Green algae"
"Rock",0.0496889315545559,0.0606606006622314,0.0870445147156715,0.0694312825798988,0.0592078007757664,"Man",NA,"Akeroya","Sand"
"Rock",0.0279518980532885,0.0365025512874126,0.0627366080880165,0.0482688620686531,0.032041247934103,"Man",NA,"Akeroya","Sand"
"Heather",0.0461707562208176,0.0598114095628262,0.23298966884613,0.156182631850243,0.0801905542612076,"Man",NA,"Akeroya","Heather"
"Heather",0.0783880800008774,0.104002520442009,0.225533857941628,0.161059692502022,0.110045164823532,"Man",NA,"Akeroya","Rock"
"Heather",0.0389794856309891,0.053463414311409,0.260820776224136,0.161505937576294,0.0765781551599503,"Man",NA,"Akeroya","Heather"
"Heather",0.076330155134201,0.113561861217022,0.252126902341843,0.166422709822655,0.120867624878883,"Man",NA,"Akeroya","Rock"
"Heather",0.0551121160387993,0.0935617387294769,0.309811413288116,0.173985302448273,0.0854588896036148,"Man",NA,"Akeroya","Rock"
"Grass",0.0360437482595444,0.0856935977935791,0.418086379766464,0.217275738716125,0.0657147169113159,"Man",NA,"Akeroya","Grass"
"Grass",0.0388863943517208,0.087859220802784,0.433657288551331,0.226193442940712,0.0738066509366035,"Man",NA,"Akeroya","Grass"
"Grass",0.0358584374189377,0.0735303163528442,0.350073903799057,0.187246263027191,0.0653845071792603,"Man",NA,"Akeroya","Heather"
"Grass",0.0385607592761517,0.0886492058634758,0.428227186203003,0.223915085196495,0.0739523470401764,"Man",NA,"Akeroya","Grass"
"Shrubs",0.0360159575939178,0.0480965189635754,0.171301394701004,0.103787556290627,0.0521726123988628,"Man",NA,"Akeroya","Heather"
"Shrubs",0.0337133668363094,0.0843500867486,0.436487883329391,0.192180126905441,0.0372047238051891,"Man",NA,"Akeroya","Shrubs"
"Shrubs",0.0433017313480377,0.0987398773431778,0.469032734632492,0.209631025791168,0.0582622885704041,"Man",NA,"Akeroya","Grass"
"Shrubs",0.0478971786797047,0.092846654355526,0.408769458532333,0.218659847974777,0.0681941285729408,"Man",NA,"Akeroya","Grass"
"Shrubs",0.0450852140784264,0.0893709287047386,0.417025864124298,0.227607026696205,0.0663732215762138,"Man",NA,"Akeroya","Grass"
"Shrubs",0.0441382601857185,0.0899854078888893,0.367964297533035,0.214239433407784,0.0660676807165146,"Man",NA,"Akeroya","Green algae"
"Heather",0.0260435994714499,0.0500931069254875,0.259213417768478,0.145945161581039,0.0427341498434544,"Man",NA,"Akeroya","Heather"
"Heather",0.0269756205379963,0.0464311651885509,0.267042070627213,0.140009224414825,0.0429210588335991,"Man",NA,"Akeroya","Heather"
"Heather",0.0242821797728539,0.0516693480312824,0.280157268047333,0.144563019275665,0.0365349762141705,"Man",NA,"Akeroya","Shrubs"
"Shrubs",0.0190175417810678,0.0394762828946114,0.238540098071098,0.0955949649214745,0.0186095871031284,"Man",NA,"Akeroya","Shrubs"
"Shrubs",0.0116699021309614,0.0190925784409046,0.141251310706139,0.0516405999660492,0.00965253636240959,"Man",NA,"Akeroya","Fucus vesiculosus"
"Shrubs",0.0181254018098116,0.0339320078492165,0.136325880885124,0.0841636061668396,0.0238064676523209,"Man",NA,"Akeroya","Shrubs"
"Shrubs",0.0202451795339584,0.0463027395308018,0.148047342896461,0.114523403346539,0.0308798160403967,"Man",NA,"Akeroya","Shrubs"
"Shrubs",0.0228971019387245,0.0342698954045773,0.231528073549271,0.0868688002228737,0.0254401545971632,"Man",NA,"Akeroya","Fucus vesiculosus"
"Shrubs",0.0187402460724115,0.0333793237805367,0.132023125886917,0.060375988483429,0.0253480654209852,"Man",NA,"Akeroya","Shrubs"
"Shrubs",0.0228836089372635,0.0401359833776951,0.116415604948997,0.0639548674225807,0.0295062027871609,"Man",NA,"Akeroya","Green algae"
"Sand",0.0152765801176429,0.018606960773468,0.0198361426591873,0.0130699910223484,0.0130949961021543,"Man",NA,"Akeroya","Brown algae"
"Sand",0.0156426858156919,0.0197709295898676,0.0191060863435268,0.0126609047874808,0.0135780880227685,"Man",NA,"Akeroya","Brown algae"
"Sand",0.0130380904302001,0.0152925746515393,0.00474141677841544,0.00601524533703923,0.00868703704327345,"Man",NA,"Akeroya","Fucus serratus "
"Sand",0.0130666131153703,0.015810577198863,0.00540639646351337,0.00619347859174013,0.00872866064310074,"Man",NA,"Akeroya","Fucus serratus "
"Sand",0.0130673795938492,0.0169468093663454,0.00555757945403457,0.00681185163557529,0.00856663752347231,"Man",NA,"Akeroya","Fucus serratus "
"Sand",0.0138382939621806,0.0161630269140005,0.0055379094555974,0.00625192979350686,0.00921428948640823,"Man",NA,"Akeroya","Fucus serratus "
"Sand",0.012911026366055,0.0146996909752488,0.00539003172889352,0.00637956894934177,0.00998601689934731,"Man",NA,"Akeroya","Fucus serratus "
"Shrubs",0.0253259669989347,0.0652056932449341,0.358405351638794,0.174714297056198,0.037508487701416,"Man",NA,"Akeroya","Shrubs"
"Shrubs",0.0290780253708363,0.0677412450313568,0.370425403118134,0.172417819499969,0.0394610315561295,"Man",NA,"Akeroya","Shrubs"
"Shrubs",0.0236234534531832,0.0654807984828949,0.39274126291275,0.185516372323036,0.0351881012320518,"Man",NA,"Akeroya","Shrubs"
"Shrubs",0.0266446471214294,0.0752337947487831,0.430287390947342,0.209923073649406,0.0418482981622219,"Man",NA,"Akeroya","Shrubs"
"Shrubs",0.0231292583048344,0.0634910315275192,0.412152051925659,0.192233353853226,0.0365937724709511,"Man",NA,"Akeroya","Shrubs"
"Shrubs",0.0162480361759663,0.0365238226950169,0.346804827451706,0.130135864019394,0.021506380289793,"Man",NA,"Akeroya","Shrubs"
"Shrubs",0.0180360190570354,0.0435734465718269,0.371958523988724,0.145237699151039,0.02609290368855,"Man",NA,"Akeroya","Shrubs"
"Shrubs",0.019542895257473,0.0487061627209187,0.395189464092255,0.164213225245476,0.0270524118095636,"Man",NA,"Akeroya","Shrubs"
"Shrubs",0.0210192911326885,0.0605946443974972,0.443731546401978,0.189672142267227,0.0324601046741009,"Man",NA,"Akeroya","Shrubs"
"Grass",0.0382493026554585,0.105542950332165,0.623992204666138,0.314229607582092,0.0583678670227528,"Man",NA,"Akeroya","Grass"
"Grass",0.0355642959475517,0.104915805160999,0.600322902202606,0.30827721953392,0.0571588575839996,"Man",NA,"Akeroya","Grass"
"Grass",0.0359733141958714,0.101241171360016,0.592747032642365,0.300212740898132,0.052587479352951,"Man",NA,"Akeroya","Grass"
"Grass",0.0349817276000977,0.0998335778713226,0.591552674770355,0.304779559373856,0.0541979670524597,"Man",NA,"Akeroya","Grass"
"Grass",0.0352116599678993,0.0965114235877991,0.593247175216675,0.291934221982956,0.0516497977077961,"Man",NA,"Akeroya","Grass"
"Grass",0.0367694795131683,0.102843232452869,0.596135318279266,0.313784778118134,0.0551509112119675,"Man",NA,"Akeroya","Grass"
"Heather",0.0300504043698311,0.0539840385317802,0.265250891447067,0.151387259364128,0.0664128288626671,"Man",NA,"Akeroya","Heather"
"Heather",0.0281778909265995,0.0514116212725639,0.272240251302719,0.145777329802513,0.053910531103611,"Man",NA,"Akeroya","Heather"
"Heather",0.0252733528614044,0.051424365490675,0.270524889230728,0.138851299881935,0.0426186248660088,"Man",NA,"Akeroya","Heather"
"Rock",0.0933208540081978,0.106475085020065,0.178952187299728,0.145063400268555,0.115941077470779,"Man",NA,"Akeroya","Rock"
"Rock",0.0697075128555298,0.0834559723734856,0.186292827129364,0.132927730679512,0.0901320204138756,"Man",NA,"Akeroya","Rock"
"Rock",0.0499908551573753,0.0672880336642265,0.205090314149857,0.131331831216812,0.0713841244578362,"Man",NA,"Akeroya","Rock"
"Sand",0.0589377023279667,0.0707590356469154,0.176770642399788,0.110862091183662,0.0814322009682655,"Man",NA,"Akeroya","Tangvoll"
"Rock",0.0443799421191216,0.0943818092346191,0.406437307596207,0.240900248289108,0.0663715675473213,"Man",NA,"Akeroya","Grass"
"Rock",0.0473378077149391,0.0956816673278809,0.390718132257462,0.235211685299873,0.070676863193512,"Man",NA,"Akeroya","Grass"
"Rock",0.0491060055792332,0.110771827399731,0.471741676330566,0.271635293960571,0.0725074782967567,"Man",NA,"Akeroya","Grass"
"Rock",0.0459651984274387,0.108143165707588,0.454237073659897,0.269868165254593,0.0706061795353889,"Man",NA,"Akeroya","Grass"
"Rock",0.0875340551137924,0.112833485007286,0.159461945295334,0.121137887239456,0.118826948106289,"Man",NA,"Akeroya","Sand"
"Rock",0.0800114348530769,0.108723200857639,0.16774183511734,0.121860690414906,0.122183009982109,"Man",NA,"Akeroya","Rock"
"Rock",0.0841593146324158,0.113772712647915,0.186461076140404,0.128070473670959,0.125240385532379,"Man",NA,"Akeroya","Rock"
"Rock",0.0816377401351929,0.106061570346355,0.178480342030525,0.121363148093224,0.120010353624821,"Man",NA,"Akeroya","Rock"
"Rock",0.0485119484364986,0.0906141772866249,0.371931403875351,0.206102102994919,0.0760868862271309,"Man",NA,"Akeroya","Grass"
"Rock",0.0490917265415192,0.09090755879879,0.374334901571274,0.209068775177002,0.0783431455492973,"Man",NA,"Akeroya","Grass"
"Heather",0.0336378775537014,0.0549637712538242,0.208751663565636,0.110390156507492,0.048510730266571,"Man",NA,"Akeroya","Green algae"
"Heather",0.0330770462751389,0.0577989965677261,0.232536613941193,0.124286204576492,0.0513128414750099,"Man",NA,"Akeroya","Heather"
"Heather",0.0388914681971073,0.054212424904108,0.193657338619232,0.102975837886333,0.0499741770327091,"Man",NA,"Akeroya","Green algae"
"Heather",0.0384074188768864,0.0554695688188076,0.190249174833298,0.102114371955395,0.0490373633801937,"Man",NA,"Akeroya","Green algae"
"Heather",0.0384850539267063,0.0534863844513893,0.19559870660305,0.0951524078845978,0.0517753809690475,"Man",NA,"Akeroya","Heather"
"Grass",0.0377054736018181,0.0800165832042694,0.418731689453125,0.198559477925301,0.055839866399765,"Man",NA,"Akeroya","Grass"
"Grass",0.0428766906261444,0.091638557612896,0.448452204465866,0.226048842072487,0.0651435777544975,"Man",NA,"Akeroya","Grass"
"Grass",0.0458250343799591,0.0930016934871674,0.424692243337631,0.219484284520149,0.0703413262963295,"Man",NA,"Akeroya","Grass"
"Grass",0.0496536903083324,0.100029677152634,0.428469717502594,0.227254807949066,0.0747281461954117,"Man",NA,"Akeroya","Grass"
"Brown algae",0.0137366568669677,0.0163351818919182,0.0270295683294535,0.0463236458599567,0.011494692414999,"Man",NA,"Akeroya","Brown algae"
"Brown algae",0.0177726969122887,0.0205507390201092,0.0471062138676643,0.0619351491332054,0.0161624308675528,"Man",NA,"Akeroya","Brown algae"
"Brown algae",0.0176608171314001,0.019712045788765,0.0489965416491032,0.0638666898012161,0.0153884338214993,"Man",NA,"Akeroya","Brown algae"
"Brown algae",0.0177002847194672,0.0213735811412334,0.0356733053922653,0.0521430820226669,0.0164342243224382,"Man",NA,"Akeroya","Brown algae"
"Brown algae",0.0179227646440268,0.020901495590806,0.0415528751909733,0.0572305247187614,0.015839671716094,"Man",NA,"Akeroya","Brown algae"
"Brown algae",0.0172822345048189,0.0194450449198484,0.0356353372335434,0.047515582293272,0.0155822578817606,"Man",NA,"Akeroya","Brown algae"
"Brown algae",0.0216724071651697,0.0235395506024361,0.0593784935772419,0.0890987068414688,0.0223877001553774,"Man",NA,"Akeroya","Brown algae"
"Brown algae",0.0216420721262693,0.0227393731474876,0.0526902265846729,0.0789910554885864,0.0225425157696009,"Man",NA,"Akeroya","Brown algae"
"Brown algae",0.0223106369376183,0.0218870881944895,0.0416317321360111,0.0567423589527607,0.0206809919327497,"Man",NA,"Akeroya","Brown algae"
"Brown algae",0.0227904357016087,0.0247877538204193,0.0403566136956215,0.0611659809947014,0.0221432857215405,"Man",NA,"Akeroya","Brown algae"
"Brown algae",0.0214565396308899,0.0210214834660292,0.03611895814538,0.0560683906078339,0.0188123341649771,"Man",NA,"Akeroya","Brown algae"
"Rock",0.13058041036129,0.176515087485313,0.167393490672112,0.148838639259338,0.140839084982872,"Man",NA,"Akeroya","Green algae"
"Rock",0.1074108928442,0.139917463064194,0.153697207570076,0.137734994292259,0.120902933180332,"Man",NA,"Akeroya","Green algae"
"Rock",0.0891463458538055,0.111643552780151,0.14849716424942,0.123834781348705,0.106693387031555,"Man",NA,"Akeroya","Sand"
"Rock",0.12384894490242,0.167398929595947,0.169053539633751,0.139894932508469,0.136779680848122,"Man",NA,"Akeroya","Green algae"
"Rock",0.150313690304756,0.149679020047188,0.222646251320839,0.197313889861107,0.166138797998428,"Man",NA,"Akeroya","Rock"
"Rock",0.0467020235955715,0.0959382057189941,0.406436771154404,0.240948513150215,0.0788533017039299,"Man",NA,"Akeroya","Grass"
"Rock",0.0754757300019264,0.11048049479723,0.286394000053406,0.201820775866508,0.12383559346199,"Man",NA,"Akeroya","Rock"
"Rock",0.0583955645561218,0.102207854390144,0.339077204465866,0.213155567646027,0.0890942364931107,"Man",NA,"Akeroya","Rock"
"Rock",0.0874543562531471,0.112879551947117,0.172699332237244,0.150772750377655,0.126655757427216,"Man",NA,"Akeroya","Rock"
"Rock",0.0849991142749786,0.0989242494106293,0.163236930966377,0.13028521835804,0.115182191133499,"Man",NA,"Akeroya","Sand"
"Rock",0.0394055917859077,0.0993286371231079,0.405735313892365,0.241706445813179,0.0688501000404358,"Man",NA,"Akeroya","Grass"
"Rock",0.040359728038311,0.104675754904747,0.427525490522385,0.256955295801163,0.076553076505661,"Man",NA,"Akeroya","Grass"
"Green algae",0.174047663807869,0.253270387649536,0.362220734357834,0.333365678787231,0.18047359585762,"Man",NA,"Akeroya","Green algae"
"Green algae",0.16570195555687,0.243092089891434,0.329862982034683,0.317497253417969,0.178117454051971,"Man",NA,"Akeroya","Green algae"
"Green algae",0.16414749622345,0.246712505817413,0.352275013923645,0.322449386119843,0.163146510720253,"Man",NA,"Akeroya","Green algae"
"Rock",0.132940381765366,0.220605969429016,0.286831945180893,0.299552321434021,0.282662600278854,"Man",NA,"Akeroya","Orange lichen"
"Rock",0.134601831436157,0.226225540041924,0.294510275125504,0.302244007587433,0.283318340778351,"Man",NA,"Akeroya","Rock"
"Rock",0.136250585317612,0.230823740363121,0.287681847810745,0.303893864154816,0.284331828355789,"Man",NA,"Akeroya","Rock"
"Grass",0.0536566860973835,0.095267653465271,0.338686347007751,0.233584210276604,0.10668159276247,"Man",NA,"Akeroya","Heather"
"Grass",0.03602284938097,0.0777946189045906,0.323402881622314,0.194348812103271,0.0645896792411804,"Man",NA,"Akeroya","Heather"
"Grass",0.0381484068930149,0.0867781937122345,0.36800879240036,0.217637658119202,0.0631157904863358,"Man",NA,"Akeroya","Heather"
"Shrubs",0.0402208231389523,0.0881572589278221,0.339239835739136,0.205816850066185,0.0766229555010796,"Man",NA,"Akeroya","Heather"
"Shrubs",0.0365566685795784,0.082816980779171,0.382865786552429,0.213827341794968,0.0601845867931843,"Man",NA,"Akeroya","Grass"
"Green algae",0.113743476569653,0.151702016592026,0.27682888507843,0.233928546309471,0.139134287834167,"Man",NA,"Akeroya","Rock"
"Rock",0.118487246334553,0.130171120166779,0.162497773766518,0.144211366772652,0.127654209733009,"Man",NA,"Akeroya","Sand"
"Rock",0.120534397661686,0.133715063333511,0.153621643781662,0.13779191672802,0.131887137889862,"Man",NA,"Akeroya","Sand"
"Rock",0.134296178817749,0.149575427174568,0.165234953165054,0.144794970750809,0.147586032748222,"Man",NA,"Akeroya","Sand"
"Rock",0.141040876507759,0.153716847300529,0.17040990293026,0.158435061573982,0.145914152264595,"Man",NA,"Akeroya","Sand"
"Sand",0.0832786783576012,0.0994122251868248,0.150294572114944,0.122871741652489,0.105765298008919,"Man",NA,"Akeroya","Sand"
"Rock",0.0802926272153854,0.111399553716183,0.256448864936829,0.204639062285423,0.114785484969616,"Man",NA,"Akeroya","Rock"
"Rock",0.0783686935901642,0.114761739969254,0.277486443519592,0.21467362344265,0.114075154066086,"Man",NA,"Akeroya","Rock"
"Rock",0.0748165398836136,0.1082399263978,0.280102223157883,0.213246211409569,0.111693233251572,"Man",NA,"Akeroya","Rock"
"Rock",0.0789124742150307,0.105647139251232,0.216142326593399,0.18263067305088,0.118528172373772,"Man",NA,"Akeroya","Rock"
"Rock",0.0924713611602783,0.114087820053101,0.185656055808067,0.160355165600777,0.12352142482996,"Man",NA,"Akeroya","Rock"
"Rock",0.0933767631649971,0.104809701442719,0.196765884757042,0.15510655939579,0.114358372986317,"Man",NA,"Akeroya","Rock"
"Rock",0.159638971090317,0.189388662576675,0.248100072145462,0.21999591588974,0.197635740041733,"Man",NA,"Akeroya","Rock"
"Rock",0.181074634194374,0.220892444252968,0.277003198862076,0.254611790180206,0.228040426969528,"Man",NA,"Akeroya","Rock"
"Green algae",0.0482464693486691,0.0679876431822777,0.150195702910423,0.0960634052753448,0.0727822855114937,"Man",NA,"Akeroya","Green algae"
"Green algae",0.0528545565903187,0.07466771453619,0.151300743222237,0.0982032641768456,0.0757926106452942,"Man",NA,"Akeroya","Green algae"
"Green algae",0.0539271272718906,0.0774762183427811,0.161708489060402,0.108707815408707,0.0818629935383797,"Man",NA,"Akeroya","Rock"
"Green algae",0.0534078292548656,0.0712487623095512,0.151044905185699,0.0947155952453613,0.0737839639186859,"Man",NA,"Akeroya","Green algae"
"Green algae",0.0660929903388023,0.0948343202471733,0.181914687156677,0.121784120798111,0.106419488787651,"Man",NA,"Akeroya","Rock"
"Green algae",0.0536012463271618,0.0826618075370789,0.177896112203598,0.116908632218838,0.0827188640832901,"Man",NA,"Akeroya","Green algae"
"Green algae",0.0670276060700417,0.0955088585615158,0.177980840206146,0.135623067617416,0.104917414486408,"Man",NA,"Akeroya","Rock"
"Green algae",0.0661995559930801,0.100498341023922,0.182379677891731,0.134451404213905,0.0998713746666908,"Man",NA,"Akeroya","Rock"
"Green algae",0.0461992844939232,0.0701682567596436,0.162421584129333,0.103892967104912,0.0705370903015137,"Man",NA,"Akeroya","Green algae"
"Green algae",0.0511059463024139,0.0845252424478531,0.170057535171509,0.112982645630836,0.0791809409856796,"Man",NA,"Akeroya","Green algae"
"Green algae",0.0740344375371933,0.114639982581139,0.193104848265648,0.134465590119362,0.0999776646494865,"Man",NA,"Akeroya","Green algae"
"Green algae",0.0566644556820393,0.0803070142865181,0.163319125771523,0.101265653967857,0.0753043740987778,"Man",NA,"Akeroya","Green algae"
"Green algae",0.0722172111272812,0.0810449719429016,0.18745319545269,0.129043877124786,0.0766684412956238,"Man",NA,"Akeroya","Lichen"
"Sand",0.0212010778486729,0.037380326539278,0.0222300663590431,0.0187963955104351,0.0262527968734503,"Man",NA,"Akeroya","Sand"
"Sand",0.0206651501357555,0.0382119938731194,0.0229608379304409,0.0189944915473461,0.0266858413815498,"Man",NA,"Akeroya","Sand"
"Sand",0.0210214797407389,0.0385740920901299,0.0233320873230696,0.0195081867277622,0.0274601466953754,"Man",NA,"Akeroya","Sand"
"Sand",0.0194429438561201,0.0322126001119614,0.0221782028675079,0.0167618580162525,0.0202403180301189,"Man",NA,"Akeroya","Sand"
"Sand",0.0188023634254932,0.0322266966104507,0.021487545222044,0.014931439422071,0.0207103714346886,"Man",NA,"Akeroya","Sand"
"Sand",0.0187126230448484,0.0315716899931431,0.0222295094281435,0.0155850742012262,0.0210693292319775,"Man",NA,"Akeroya","Sand"
"Brown algae",0.0150055075064301,0.0194075386971235,0.0565059520304203,0.066319078207016,0.0129149192944169,"Man",NA,"Akeroya","Brown algae"
"Brown algae",0.0167176406830549,0.0211811624467373,0.0508543998003006,0.0657047778367996,0.0123762944713235,"Man",NA,"Akeroya","Fucus serratus "
"Brown algae",0.016946142539382,0.0195487849414349,0.0446131192147732,0.0485822223126888,0.0132106281816959,"Man",NA,"Akeroya","Fucus serratus "
"Brown algae",0.0166721735149622,0.018456868827343,0.0461032167077065,0.0487888269126415,0.0142957922071218,"Man",NA,"Akeroya","Brown algae"
"Brown algae",0.0168552119284868,0.0195257402956486,0.0431953296065331,0.0491581819951534,0.0138902980834246,"Man",NA,"Akeroya","Brown algae"
"Brown algae",0.0173329450190067,0.0195313636213541,0.0396938510239124,0.0509050041437149,0.0133935324847698,"Man",NA,"Akeroya","Fucus serratus "
"Brown algae",0.0160832516849041,0.0163254775106907,0.0253455601632595,0.0303830280900002,0.012243278324604,"Man",NA,"Akeroya","Brown algae"
"Brown algae",0.0157205387949944,0.0159687474370003,0.0238673239946365,0.030378270894289,0.0131498388946056,"Man",NA,"Akeroya","Brown algae"
"Brown algae",0.0169763918966055,0.0168967731297016,0.0231241043657064,0.021465178579092,0.0137085374444723,"Man",NA,"Akeroya","Brown algae"
"Brown algae",0.0166446883231401,0.0154934665188193,0.0240420699119568,0.0277264881879091,0.0138803888112307,"Man",NA,"Akeroya","Red algae"
"Lichen",0.0861848071217537,0.1519985049963,0.234360441565514,0.19440133869648,0.171395152807236,"Man",NA,"Akeroya","Rock"
"Lichen",0.0632337778806686,0.0998773947358131,0.171991720795631,0.132672682404518,0.121722765266895,"Man",NA,"Akeroya","Rock"
"Lichen",0.0640863701701164,0.111889779567719,0.176069110631943,0.14377772808075,0.140585213899612,"Man",NA,"Akeroya","Orange lichen"
"Rock",0.205079168081284,0.313860476016998,0.370139449834824,0.373227328062057,0.369028478860855,"Man",NA,"Akeroya","Rock"
"Rock",0.11866469681263,0.158784300088882,0.213248670101166,0.198327839374542,0.186098247766495,"Man",NA,"Akeroya","Rock"
"Rock",0.131749764084816,0.176909267902374,0.216760888695717,0.196039944887161,0.193500161170959,"Man",NA,"Akeroya","Rock"
"Rock",0.143238231539726,0.186810731887817,0.248706892132759,0.228943899273872,0.217575430870056,"Man",NA,"Akeroya","Rock"
"Rock",0.0530730746686459,0.079472191631794,0.124647282063961,0.105755217373371,0.0934872552752495,"Man",NA,"Akeroya","Sand"
"Green algae",0.0162805058062077,0.0184341073036194,0.0601282641291618,0.0468657836318016,0.013642911799252,"Man",NA,"Akeroya","Brown algae"
"Green algae",0.0160856414586306,0.0181155633181334,0.0598760545253754,0.0452057309448719,0.013953348621726,"Man",NA,"Akeroya","Brown algae"
"Green algae",0.0159266423434019,0.0195547714829445,0.0833739340305328,0.0606391914188862,0.013903439976275,"Man",NA,"Akeroya","Brown algae"
"Green algae",0.0164051279425621,0.0181878805160522,0.0797358825802803,0.0551689304411411,0.0144304763525724,"Man",NA,"Akeroya","Brown algae"
"Green algae",0.0159869305789471,0.0181379579007626,0.0755555704236031,0.0534600056707859,0.0139038441702724,"Man",NA,"Akeroya","Brown algae"
"Green algae",0.0159654654562473,0.0213370136916637,0.0984333455562592,0.0763406082987785,0.0142377875745296,"Man",NA,"Akeroya","Brown algae"
"Green algae",0.0167985688894987,0.023881996050477,0.117008693516254,0.0838624536991119,0.014217821881175,"Man",NA,"Akeroya","Fucus vesiculosus"
"Green algae",0.0429324507713318,0.0843664407730103,0.210638463497162,0.16707070171833,0.0605901405215263,"Man",NA,"Akeroya","Green algae"
"Green algae",0.0714781358838081,0.145984888076782,0.281327217817307,0.230314657092094,0.0931763201951981,"Man",NA,"Akeroya","Green algae"
"Rock",0.216946542263031,0.282683283090591,0.299105614423752,0.30318221449852,0.308996647596359,"Man",NA,"Akeroya","Rock"
"Sand",0.0222143363207579,0.0379076115787029,0.0219034254550934,0.02131187915802,0.030018137767911,"Man",NA,"Akeroya","Sand"
"Sand",0.0225630905479193,0.0371759459376335,0.0223796367645264,0.0219300016760826,0.0294419545680285,"Man",NA,"Akeroya","Sand"
"Sand",0.0229096300899982,0.0387727431952953,0.0215707030147314,0.0220364425331354,0.0310018807649612,"Man",NA,"Akeroya","Sand"
"Brown algae",0.0183768589049578,0.0234747882932425,0.0708226785063744,0.0609186850488186,0.0184442047029734,"Man",NA,"Akeroya","Brown algae"
"Brown algae",0.0178912952542305,0.02216487377882,0.0664888247847557,0.0565037839114666,0.0166183169931173,"Man",NA,"Akeroya","Brown algae"
"Brown algae",0.018610117956996,0.0248827636241913,0.0724448934197426,0.0601736716926098,0.0181437935680151,"Man",NA,"Akeroya","Brown algae"
"Brown algae",0.0171219799667597,0.0224138647317886,0.0511112213134766,0.0556056797504425,0.0163732599467039,"Man",NA,"Akeroya","Brown algae"
"Green algae",0.0233893189579248,0.0347013995051384,0.303201735019684,0.113136179745197,0.0248861480504274,"Man",NA,"Akeroya","Heather"
"Green algae",0.0450608544051647,0.0992166921496391,0.300510495901108,0.201375022530556,0.0522859133780003,"Man",NA,"Akeroya","Green algae"
"Green algae",0.0255731288343668,0.0400054268538952,0.335093140602112,0.139658987522125,0.0278690494596958,"Man",NA,"Akeroya","Heather"
"Brown algae",0.017514742910862,0.0191728938370943,0.0266356635838747,0.0338069312274456,0.0174324028193951,"Man",NA,"Akeroya","Brown algae"
"Rock",0.197349205613136,0.251946121454239,0.273073315620422,0.275585442781448,0.264118641614914,"Man",NA,"Akeroya","Rock"
"Rock",0.186928853392601,0.239033937454224,0.262615919113159,0.26410099864006,0.249206945300102,"Man",NA,"Akeroya","Rock"
"Rock",0.201389938592911,0.270199149847031,0.295643866062164,0.298405796289444,0.295239865779877,"Man",NA,"Akeroya","Rock"
"Rock",0.193836182355881,0.262068718671799,0.28955489397049,0.297239154577255,0.284961223602295,"Man",NA,"Akeroya","Rock"
"Rock",0.0283426158130169,0.0399711355566978,0.0318949781358242,0.0366595573723316,0.0380803793668747,"Man",NA,"Akeroya","Sand"
"Rock",0.0278878789395094,0.039675023406744,0.0350954495370388,0.0392588675022125,0.0374591387808323,"Man",NA,"Akeroya","Sand"
"Sand",0.0281251426786184,0.0452603586018085,0.040056649595499,0.0398432090878487,0.0365280471742153,"Man",NA,"Akeroya","Sand"
"Sand",0.0272607393562794,0.0452848896384239,0.039116695523262,0.0372173860669136,0.0373931601643562,"Man",NA,"Akeroya","Sand"
"Sand",0.0279529746621847,0.0458513423800468,0.0456718578934669,0.0445112623274326,0.0368728376924992,"Man",NA,"Akeroya","Sand"
"Sand",0.0301505830138922,0.0478211939334869,0.0462191179394722,0.046569935977459,0.0374054946005344,"Man",NA,"Akeroya","Sand"
"Sand",0.0310132410377264,0.0488493666052818,0.0470835417509079,0.0469941608607769,0.0378580391407013,"Man",NA,"Akeroya","Sand"
"Brown algae",0.0172913279384375,0.0188296902924776,0.0465778894722462,0.0347130820155144,0.0150526557117701,"Man",NA,"Akeroya","Brown algae"
"Brown algae",0.0172236058861017,0.0195510759949684,0.0512192025780678,0.0393816605210304,0.0148110054433346,"Man",NA,"Akeroya","Brown algae"
"Brown algae",0.017053235322237,0.0198181979358196,0.0522129759192467,0.0422828830778599,0.0150300841778517,"Man",NA,"Akeroya","Brown algae"
"Brown algae",0.0171884261071682,0.0187691487371922,0.0515099465847015,0.0417078137397766,0.0151486713439226,"Man",NA,"Akeroya","Brown algae"
"Green algae",0.0498238243162632,0.0684844702482224,0.149113357067108,0.0965665057301521,0.0731853172183037,"Man",NA,"Akeroya","Lichen"
"Green algae",0.0559250377118587,0.0789319276809692,0.151680663228035,0.102940641343594,0.076998345553875,"Man",NA,"Akeroya","Green algae"
"Sand",0.10894438624382,0.125829488039017,0.156690403819084,0.135646253824234,0.131805226206779,"Man",NA,"Akeroya","Sand"
"Brown algae",0.0219590775668621,0.0256814397871494,0.0303700473159552,0.0459577925503254,0.019118120893836,"Man",NA,"Akeroya","Brown algae"
"Brown algae",0.0216541234403849,0.0255072824656963,0.0314284414052963,0.0498761981725693,0.0182897727936506,"Man",NA,"Akeroya","Fucus serratus "
"Brown algae",0.0209985803812742,0.0232521072030067,0.029610063880682,0.0483544617891312,0.017195850610733,"Man",NA,"Akeroya","Brown algae"
"Green algae",0.171293288469315,0.219616875052452,0.266180515289307,0.223412171006203,0.195124506950378,"Man",NA,"Akeroya","Rock"
"Green algae",0.0203899517655373,0.0398905910551548,0.175775438547134,0.101764909923077,0.0219883937388659,"Man",NA,"Akeroya","Fucus vesiculosus"
"Green algae",0.0233054086565971,0.0399088673293591,0.183868438005447,0.102161012589931,0.023010415956378,"Man",NA,"Akeroya","Fucus vesiculosus"
"Green algae",0.0262508429586887,0.0421315059065819,0.212553679943085,0.110189750790596,0.0267064347863197,"Man",NA,"Akeroya","Fucus vesiculosus"
"Rock",0.21669827401638,0.22485738992691,0.287074983119965,0.214650794863701,0.2023945748806,"Man",NA,"Akeroya","Rock"
"Rock",0.225049540400505,0.234606832265854,0.29451847076416,0.216645240783691,0.208847016096115,"Man",NA,"Akeroya","Rock"
"Rock",0.155736804008484,0.20369316637516,0.247681185603142,0.19163253903389,0.191025331616402,"Man",NA,"Akeroya","Rock"
"Rock",0.206316664814949,0.188270911574364,0.232362315058708,0.170848086476326,0.165877893567085,"Man",NA,"Akeroya","Ascophyllum "
"Grass",0.033100713044405,0.0875561758875847,0.508080184459686,0.23745459318161,0.0437471494078636,"Man",NA,"Akeroya","Grass"
"Grass",0.0340811125934124,0.0941649302840233,0.557081639766693,0.249010518193245,0.0445501767098904,"Man",NA,"Akeroya","Grass"
"Grass",0.0294599253684282,0.0820758417248726,0.512194991111755,0.234202325344086,0.041197307407856,"Man",NA,"Akeroya","Grass"
"Grass",0.0337184555828571,0.0924319103360176,0.54388952255249,0.251083701848984,0.0462303161621094,"Man",NA,"Akeroya","Grass"
"Grass",0.0389853157103062,0.100694805383682,0.544358372688293,0.266233682632446,0.0578847639262676,"Man",NA,"Akeroya","Grass"
"Grass",0.0385982431471348,0.0988632366061211,0.515355706214905,0.254957288503647,0.0602760016918182,"Man",NA,"Akeroya","Grass"
"Grass",0.0386225506663322,0.100729465484619,0.537200093269348,0.270563393831253,0.0603217743337154,"Man",NA,"Akeroya","Grass"
"Grass",0.0378842242062092,0.102823704481125,0.545933485031128,0.271185457706451,0.0590058974921703,"Man",NA,"Akeroya","Grass"
"Roof",0.0983506739139557,0.130944132804871,0.258197009563446,0.237980097532272,0.205212861299515,"Man",NA,"Akeroya","Roof"
"Roof",0.0908367708325386,0.123418971896172,0.255068093538284,0.222823485732079,0.191879555583,"Man",NA,"Akeroya","Roof"
"Roof",0.0878542885184288,0.118967063724995,0.254739344120026,0.227440848946571,0.200928092002869,"Man",NA,"Akeroya","Roof"
"Roof",0.0907020196318626,0.122835211455822,0.252954035997391,0.215906739234924,0.185883432626724,"Man",NA,"Akeroya","Roof"
"Roof",0.0918068587779999,0.110909439623356,0.254302859306335,0.228516057133675,0.196237921714783,"Man",NA,"Akeroya","Roof"
"Roof",0.0923365950584412,0.156254708766937,0.409967511892319,0.319618910551071,0.203690215945244,"Man",NA,"Akeroya","Rock"
"Roof",0.0900647267699242,0.14552628993988,0.359252780675888,0.301108300685883,0.197014898061752,"Man",NA,"Akeroya","Rock"
"Roof",0.0921849012374878,0.126775309443474,0.300771802663803,0.257523059844971,0.178772553801537,"Man",NA,"Akeroya","Roof"
"Roof",0.0739666596055031,0.0551413297653198,0.119561925530434,0.0854305252432823,0.0639044418931007,"Man",NA,"Akeroya","Brown algae"
"Roof",0.0877948924899101,0.0745913907885551,0.134866759181023,0.103843025863171,0.0788461565971375,"Man",NA,"Akeroya","Tangvoll"
"Roof",0.0630532503128052,0.0464530847966671,0.116399392485619,0.0921482965350151,0.0665970966219902,"Man",NA,"Akeroya","Brown algae"
"Roof",0.0820192992687225,0.0688504204154015,0.133095875382423,0.0980532765388489,0.0771880969405174,"Man",NA,"Akeroya","Tangvoll"
"Roof",0.0398405082523823,0.0493362322449684,0.103897415101528,0.0757671222090721,0.0647923424839973,"Man",NA,"Akeroya","Tangvoll"
"Roof",0.0391262248158455,0.0460755340754986,0.107588894665241,0.0734717845916748,0.0601587556302547,"Man",NA,"Akeroya","Tangvoll"
"Roof",0.0389903895556927,0.0420243814587593,0.0996996536850929,0.07355897128582,0.0565486885607243,"Man",NA,"Akeroya","Brown algae"
"Rock",0.0455776117742062,0.0788622125983238,0.282787293195724,0.167928636074066,0.0836369320750237,"Man",NA,"Akeroya","Heather"
"Rock",0.0392951741814613,0.0788176879286766,0.320390731096268,0.189144283533096,0.0667881146073341,"Man",NA,"Akeroya","Heather"
"Rock",0.0401354655623436,0.0778478607535362,0.303383350372314,0.178888127207756,0.0702854096889496,"Man",NA,"Akeroya","Heather"
"Rock",0.062703363597393,0.089126892387867,0.261455297470093,0.165790751576424,0.100704625248909,"Man",NA,"Akeroya","Rock"
"Rock",0.0930402800440788,0.115620814263821,0.237747728824615,0.170604720711708,0.123748287558556,"Man",NA,"Akeroya","Rock"
"Rock",0.10452002286911,0.123039267957211,0.218831270933151,0.165126070380211,0.124560013413429,"Man",NA,"Akeroya","Rock"
"Grass",0.0404969081282616,0.0944578126072884,0.466670751571655,0.236832976341248,0.064063236117363,"Man",NA,"Akeroya","Grass"
"Grass",0.0465239621698856,0.094279944896698,0.42720028758049,0.236974120140076,0.084606721997261,"Man",NA,"Akeroya","Grass"
"Grass",0.0413454920053482,0.0854065269231796,0.377020269632339,0.22027662396431,0.0760470032691956,"Man",NA,"Akeroya","Heather"
"Grass",0.0419649481773376,0.0855824947357178,0.387852251529694,0.231327325105667,0.0739205107092857,"Man",NA,"Akeroya","Grass"
"Grass",0.0427569970488548,0.0866646021604538,0.382372111082077,0.229462638497353,0.0755879953503609,"Man",NA,"Akeroya","Grass"
"Grass",0.0447325669229031,0.0874615907669067,0.385976433753967,0.227841660380363,0.0772930458188057,"Man",NA,"Akeroya","Grass"
"Rock",0.202697187662125,0.24785977602005,0.444244712591171,0.367300301790237,0.317742049694061,"Man",NA,"Akeroya","Rock"
"Rock",0.0909024849534035,0.108729563653469,0.185779958963394,0.141298830509186,0.117463178932667,"Man",NA,"Akeroya","Rock"
"Rock",0.107644103467464,0.124476127326488,0.202394559979439,0.171897724270821,0.134941220283508,"Man",NA,"Akeroya","Rock"
"Rock",0.0979999750852585,0.12135124951601,0.204741165041924,0.164333894848824,0.133001059293747,"Man",NA,"Akeroya","Rock"
"Rock",0.104408666491508,0.132196187973022,0.217339441180229,0.180259525775909,0.145255267620087,"Man",NA,"Akeroya","Rock"
"Heather",0.0216327328234911,0.0433694832026958,0.344929367303848,0.154101595282555,0.0294066052883863,"Man",NA,"Akeroya","Shrubs"
"Heather",0.0239330716431141,0.045806709676981,0.308866530656815,0.158952876925468,0.0346186459064484,"Man",NA,"Akeroya","Heather"
"Heather",0.0175966434180737,0.043658409267664,0.322386652231216,0.140618711709976,0.0262833330780268,"Man",NA,"Akeroya","Shrubs"
"Heather",0.0180707089602947,0.0387165546417236,0.267151206731796,0.126018539071083,0.0280240476131439,"Man",NA,"Akeroya","Shrubs"
"Heather",0.0218121614307165,0.0319235399365425,0.20414325594902,0.117686182260513,0.030243007466197,"Man",NA,"Akeroya","Heather"
"Heather",0.0182829853147268,0.0242872275412083,0.154884934425354,0.0873349532485008,0.0220669563859701,"Man",NA,"Akeroya","Brown algae"
"Heather",0.0294779948890209,0.0501784421503544,0.343720644712448,0.188646107912064,0.043227843940258,"Man",NA,"Akeroya","Heather"
"Heather",0.0321444943547249,0.0597881786525249,0.32939800620079,0.186559557914734,0.0494484156370163,"Man",NA,"Akeroya","Heather"
"Shrubs",0.0148804495111108,0.030112449079752,0.168077394366264,0.0869854316115379,0.0199490413069725,"Man",NA,"Akeroya","Shrubs"
"Shrubs",0.0173312742263079,0.0332671701908112,0.184787318110466,0.106597498059273,0.021483501419425,"Man",NA,"Akeroya","Shrubs"
"Shrubs",0.0177966747432947,0.0522193945944309,0.201115965843201,0.0874794572591782,0.0269930511713028,"Man",NA,"Akeroya","Shrubs"
"Shrubs",0.0236795656383038,0.0839173793792725,0.336720585823059,0.145294696092606,0.0366034246981144,"Man",NA,"Akeroya","Shrubs"
"Shrubs",0.0202854219824076,0.0465979836881161,0.237848535180092,0.132406204938889,0.0292655788362026,"Man",NA,"Akeroya","Shrubs"
"Heather",0.0249332692474127,0.0419622473418713,0.28264519572258,0.174907296895981,0.038404855877161,"Man",NA,"Akeroya","Heather"
"Heather",0.0216390732675791,0.0452463738620281,0.292080998420715,0.163215786218643,0.0375225208699703,"Man",NA,"Akeroya","Shrubs"
"Heather",0.0236395020037889,0.037192340940237,0.275382816791534,0.162824720144272,0.036597054451704,"Man",NA,"Akeroya","Heather"
"Green algae",0.102873735129833,0.147783204913139,0.292768180370331,0.211717575788498,0.137023597955704,"Man",NA,"Akeroya","Rock"
"Green algae",0.097717672586441,0.148247495293617,0.303013473749161,0.23179467022419,0.150826975703239,"Man",NA,"Akeroya","Rock"
"Green algae",0.12543086707592,0.169509395956993,0.272092759609222,0.222682699561119,0.176805600523949,"Man",NA,"Akeroya","Rock"
"Green algae",0.0406686179339886,0.076252169907093,0.302314966917038,0.178019151091576,0.0589022301137447,"Man",NA,"Akeroya","Green algae"
"Marram grass",0.177705258131027,0.243896350264549,0.291404277086258,0.281938999891281,0.264155507087708,"Man",NA,"Akeroya","Rock"
"Marram grass",0.178949579596519,0.232815608382225,0.282029896974564,0.272349685430527,0.248959973454475,"Man",NA,"Akeroya","Rock"
"Marram grass",0.167761713266373,0.212814390659332,0.259415507316589,0.247931703925133,0.228025570511818,"Man",NA,"Akeroya","Rock"
"Marram grass",0.147707730531693,0.171886578202248,0.222745075821877,0.207915097475052,0.179644256830215,"Man",NA,"Akeroya","Rock"
"Marram grass",0.109240598976612,0.127092659473419,0.197666972875595,0.162492319941521,0.121274687349796,"Man",NA,"Akeroya","Rock"
"Tangvoll",0.0440806783735752,0.0557894222438335,0.154582768678665,0.0963057726621628,0.0767344683408737,"Man",NA,"Akeroya","Tangvoll"
"Tangvoll",0.0337964817881584,0.0424182675778866,0.130791425704956,0.0772744789719582,0.0587812848389149,"Man",NA,"Akeroya","Tangvoll"
"Sand",0.161545559763908,0.195877090096474,0.242997080087662,0.231211870908737,0.225150361657143,"Man",NA,"Akeroya","Rock"
"Sand",0.155018359422684,0.191315352916718,0.234941810369492,0.224963337182999,0.220746800303459,"Man",NA,"Akeroya","Sand"
"Sand",0.162948206067085,0.202286571264267,0.247191473841667,0.235466614365578,0.228680267930031,"Man",NA,"Akeroya","Rock"
"Sand",0.0271824058145285,0.050272636115551,0.0231454502791166,0.0286266189068556,0.0420619621872902,"Man",NA,"Akeroya","Sand"
"Sand",0.0273892302066088,0.0501916222274303,0.0238175578415394,0.027358690276742,0.0414494760334492,"Man",NA,"Akeroya","Sand"
"Sand",0.0270888954401016,0.0502164885401726,0.0241238810122013,0.0290748067200184,0.0422784723341465,"Man",NA,"Akeroya","Sand"
"Sand",0.0273424852639437,0.0504615046083927,0.0245493557304144,0.027959244325757,0.0412539206445217,"Man",NA,"Akeroya","Sand"
"Sand",0.0268405843526125,0.0506705418229103,0.0246729720383883,0.0275004729628563,0.0415605939924717,"Man",NA,"Akeroya","Sand"
"Sand",0.0273816324770451,0.0509141013026237,0.0236008819192648,0.0282296277582645,0.0414636917412281,"Man",NA,"Akeroya","Sand"
"Brown algae",0.0178890712559223,0.0181766003370285,0.0165010336786509,0.0149101028218865,0.0146516244858503,"Man",NA,"Akeroya","Brown algae"
"Brown algae",0.0177784636616707,0.0181378237903118,0.0165295843034983,0.0146061647683382,0.0141689665615559,"Man",NA,"Akeroya","Brown algae"
"Brown algae",0.0174804925918579,0.018744645640254,0.0162458438426256,0.0150806671008468,0.0140595175325871,"Man",NA,"Akeroya","Brown algae"
"Brown algae",0.0195051655173302,0.0190786588937044,0.0167364552617073,0.0146205900236964,0.0138439238071442,"Man",NA,"Akeroya","Fucus serratus "
"Green algae",0.0406935624778271,0.0775584280490875,0.213304311037064,0.171743094921112,0.0472232960164547,"Man",NA,"Akeroya","Green algae"
"Green algae",0.0278325472027063,0.0376911945641041,0.225903868675232,0.12558376789093,0.0270251426845789,"Man",NA,"Akeroya","Fucus vesiculosus"
"Green algae",0.028428703546524,0.0399904884397984,0.238433197140694,0.137282833456993,0.0299841240048409,"Man",NA,"Akeroya","Fucus vesiculosus"
"Green algae",0.0649391636252403,0.112159743905067,0.189717501401901,0.157809883356094,0.0912910997867584,"Man",NA,"Akeroya","Green algae"
"Green algae",0.0474966280162334,0.0867543667554855,0.159390851855278,0.132413446903229,0.0683175101876259,"Man",NA,"Akeroya","Green algae"
"Green algae",0.0643140748143196,0.109683059155941,0.189285770058632,0.150594159960747,0.0920033752918243,"Man",NA,"Akeroya","Green algae"
"Green algae",0.0727682113647461,0.11634711176157,0.223302364349365,0.171222195029259,0.0979983657598495,"Man",NA,"Akeroya","Green algae"
"Green algae",0.0278488527983427,0.0393684841692448,0.210034877061844,0.111565113067627,0.0276464484632015,"Man",NA,"Akeroya","Fucus vesiculosus"
"Heather",0.0349629260599613,0.0740143656730652,0.291838735342026,0.164063364267349,0.0496089234948158,"Man",NA,"Akeroya","Green algae"
"Heather",0.0335163734853268,0.0796324387192726,0.313535809516907,0.179560542106628,0.0496590323746204,"Man",NA,"Akeroya","Green algae"
"Heather",0.0300992131233215,0.0768485218286514,0.284061908721924,0.172559708356857,0.0470922030508518,"Man",NA,"Akeroya","Green algae"
"Heather",0.0346514768898487,0.0818018317222595,0.332574814558029,0.187934875488281,0.0501584932208061,"Man",NA,"Akeroya","Green algae"
"Heather",0.0340804383158684,0.0883338749408722,0.345117062330246,0.197924077510834,0.0503963865339756,"Man",NA,"Akeroya","Green algae"
"Tangvoll",0.0344769358634949,0.0401138849556446,0.143192306160927,0.0699532330036163,0.0522488504648209,"Man",NA,"Akeroya","Brown algae"
"Tangvoll",0.0334235839545727,0.0389335080981255,0.141581475734711,0.068797878921032,0.0495321340858936,"Man",NA,"Akeroya","Brown algae"
"Tangvoll",0.0307778082787991,0.0354645512998104,0.140602245926857,0.0681453570723534,0.0465247854590416,"Man",NA,"Akeroya","Brown algae"
"Tangvoll",0.0306230243295431,0.0355871878564358,0.129839152097702,0.0654072910547256,0.0451259464025497,"Man",NA,"Akeroya","Brown algae"
"Tangvoll",0.0322660692036152,0.0366013012826443,0.133743315935135,0.0680864155292511,0.0457975417375565,"Man",NA,"Akeroya","Brown algae"
"Tangvoll",0.0407643541693687,0.0486873164772987,0.137436330318451,0.0788422152400017,0.0594095848500729,"Man",NA,"Akeroya","Tangvoll"
"Tangvoll",0.0377746596932411,0.0466958060860634,0.134019494056702,0.0760575979948044,0.0585020668804646,"Man",NA,"Akeroya","Tangvoll"
"Tangvoll",0.0381331965327263,0.0489465296268463,0.135843306779861,0.07932348549366,0.0584801770746708,"Man",NA,"Akeroya","Tangvoll"
"Tangvoll",0.0371539928019047,0.0455762185156345,0.136163532733917,0.0727050453424454,0.0560560636222363,"Man",NA,"Akeroya","Tangvoll"
"Tangvoll",0.135717764496803,0.1477310359478,0.17520110309124,0.160649523139,0.15755395591259,"Man",NA,"Akeroya","Sand"
"Tangvoll",0.0944420993328094,0.104631431400776,0.142737209796906,0.124154835939407,0.111424349248409,"Man",NA,"Akeroya","Sand"
"Tangvoll",0.109361350536346,0.119963891804218,0.15901742875576,0.137269169092178,0.127166390419006,"Man",NA,"Akeroya","Sand"
"Tangvoll",0.0744837820529938,0.0786627233028412,0.128921926021576,0.103338204324245,0.0817739740014076,"Man",NA,"Akeroya","Sand"
"Tangvoll",0.0535404272377491,0.0557576082646847,0.125274300575256,0.0842100158333778,0.0599601119756699,"Man",NA,"Akeroya","Tangvoll"
"Rock",0.0318924114108086,0.034492302685976,0.0544239170849323,0.0375319793820381,0.0306149106472731,"Man",NA,"Akeroya","Brown algae"
"Rock",0.10688753426075,0.140360787510872,0.200338050723076,0.18201644718647,0.155323892831802,"Man",NA,"Akeroya","Rock"
"Rock",0.112652786076069,0.150131806731224,0.201180279254913,0.179290592670441,0.158136427402496,"Man",NA,"Akeroya","Rock"
"Rock",0.0858524888753891,0.114975996315479,0.161174193024635,0.148580387234688,0.123245127499104,"Man",NA,"Akeroya","Sand"
"Rock",0.124184817075729,0.165496468544006,0.209380716085434,0.191888272762299,0.175865545868874,"Man",NA,"Akeroya","Rock"
"Rock",0.121831230819225,0.161818519234657,0.203544154763222,0.188522964715958,0.17099717259407,"Man",NA,"Akeroya","Rock"
"Tangvoll",0.0986354723572731,0.111348904669285,0.155198365449905,0.127764597535133,0.117896020412445,"Man",NA,"Akeroya","Sand"
"Tangvoll",0.0799610912799835,0.0841049626469612,0.147169470787048,0.113675363361835,0.0898821577429771,"Man",NA,"Akeroya","Lichen"
"Shrubs",0.0250886678695679,0.0406671985983849,0.183009386062622,0.0984833166003227,0.0381343066692352,"Man",NA,"Akeroya","Heather"
"Shrubs",0.026332201436162,0.0546017475426197,0.24955740571022,0.134021520614624,0.0355935618281364,"Man",NA,"Akeroya","Shrubs"
"Shrubs",0.0259296204894781,0.0517543442547321,0.253743797540665,0.129454478621483,0.0326043590903282,"Man",NA,"Akeroya","Shrubs"
"Sand",0.195203199982643,0.213732495903969,0.245464310050011,0.233261480927467,0.230223715305328,"Man",NA,"Akeroya","Sand"
"Sand",0.202277198433876,0.224437937140465,0.256565421819687,0.245168536901474,0.239993900060654,"Man",NA,"Akeroya","Rock"
"Sand",0.178978234529495,0.223213195800781,0.266804158687592,0.255078881978989,0.250667691230774,"Man",NA,"Akeroya","Rock"
"Sand",0.167513877153397,0.207040801644325,0.253974854946136,0.243370696902275,0.235472768545151,"Man",NA,"Akeroya","Rock"
"Sand",0.172020509839058,0.215188965201378,0.260825902223587,0.248209327459335,0.241490349173546,"Man",NA,"Akeroya","Rock"
"Sand",0.132916033267975,0.150401338934898,0.181791663169861,0.164404422044754,0.155375048518181,"Man",NA,"Akeroya","Sand"
"Sand",0.132492825388908,0.147641748189926,0.176153734326363,0.159399911761284,0.152674913406372,"Man",NA,"Akeroya","Sand"
"Sand",0.117824360728264,0.130535691976547,0.161267951130867,0.147773399949074,0.139603406190872,"Man",NA,"Akeroya","Sand"
"Sand",0.136479139328003,0.153130754828453,0.18043327331543,0.167221412062645,0.161528736352921,"Man",NA,"Akeroya","Sand"
"Sand",0.125852152705193,0.139368340373039,0.164518088102341,0.154923468828201,0.146968722343445,"Man",NA,"Akeroya","Sand"
"Sand",0.135718688368797,0.152160093188286,0.178530052304268,0.164774298667908,0.156510949134827,"Man",NA,"Akeroya","Sand"
"Sand",0.131860464811325,0.147939831018448,0.172296494245529,0.159469828009605,0.152900084853172,"Man",NA,"Akeroya","Sand"
"Orange lichen",0.0987968891859055,0.135310277342796,0.217992514371872,0.180456787347794,0.14322167634964,"Man",NA,"Akeroya","Rock"
"Orange lichen",0.0935956761240959,0.135950297117233,0.221814751625061,0.190670043230057,0.150799050927162,"Man",NA,"Akeroya","Rock"
"Orange lichen",0.0770202204585075,0.144605025649071,0.261393547058105,0.221482738852501,0.165455356240273,"Man",NA,"Akeroya","Rock"
"Orange lichen",0.123505607247353,0.206250965595245,0.342939078807831,0.307764619588852,0.244485750794411,"Man",NA,"Akeroya","Rock"
"Orange lichen",0.0893626883625984,0.167910262942314,0.31570029258728,0.278673887252808,0.208970189094543,"Man",NA,"Akeroya","Rock"
"Orange lichen",0.0916176661849022,0.16765071451664,0.313378661870956,0.27414733171463,0.208941280841827,"Man",NA,"Akeroya","Rock"
"Orange lichen",0.095850445330143,0.179590687155724,0.308257281780243,0.274284154176712,0.212887927889824,"Man",NA,"Akeroya","Rock"
"Orange lichen",0.0833463743329048,0.154324367642403,0.273729532957077,0.232308804988861,0.174091085791588,"Man",NA,"Akeroya","Rock"
"Orange lichen",0.0750099122524261,0.141326934099197,0.265051394701004,0.219792246818542,0.162571355700493,"Man",NA,"Akeroya","Rock"
"Orange lichen",0.0813215672969818,0.14170528948307,0.241295009851456,0.20887690782547,0.164177045226097,"Man",NA,"Akeroya","Rock"
"Orange lichen",0.0639689639210701,0.130621239542961,0.252069652080536,0.211820229887962,0.156541034579277,"Man",NA,"Akeroya","Rock"
"Orange lichen",0.0708752200007439,0.141205161809921,0.262465357780457,0.222881659865379,0.164811968803406,"Man",NA,"Akeroya","Rock"
"Orange lichen",0.115365780889988,0.198890134692192,0.312889009714127,0.271948277950287,0.221438229084015,"Man",NA,"Akeroya","Rock"
"Orange lichen",0.16104444861412,0.224140673875809,0.306303977966309,0.275415897369385,0.238351792097092,"Man",NA,"Akeroya","Rock"
"Orange lichen",0.0961961448192596,0.180066838860512,0.330138027667999,0.276056975126266,0.216520562767982,"Man",NA,"Akeroya","Rock"
"Orange lichen",0.115391485393047,0.200433969497681,0.340279579162598,0.279007643461227,0.212359085679054,"Man",NA,"Akeroya","Rock"
"Orange lichen",0.135012000799179,0.191778302192688,0.276918560266495,0.248815923929214,0.20482137799263,"Man",NA,"Akeroya","Rock"
"Orange lichen",0.0887880399823189,0.181746602058411,0.35088524222374,0.282566368579865,0.206467196345329,"Man",NA,"Akeroya","Rock"
"Orange lichen",0.075296051800251,0.165881678462029,0.297676801681519,0.252042233943939,0.18283012509346,"Man",NA,"Akeroya","Rock"
"Rock",0.25020170211792,0.310517400503159,0.353991836309433,0.345222979784012,0.320634007453918,"Man",NA,"Akeroya","Rock"
"Rock",0.255600690841675,0.318314462900162,0.364031314849854,0.360785931348801,0.330257654190063,"Man",NA,"Akeroya","Rock"
"Rock",0.254485309123993,0.318370074033737,0.367111474275589,0.364796608686447,0.333570241928101,"Man",NA,"Akeroya","Rock"
"Rock",0.191492274403572,0.273967295885086,0.320070326328278,0.304711878299713,0.286632776260376,"Man",NA,"Akeroya","Rock"
"Rock",0.226654008030891,0.312886863946915,0.343386381864548,0.333771944046021,0.320557415485382,"Man",NA,"Akeroya","Rock"
"Rock",0.224761605262756,0.319305986166,0.337376445531845,0.32782569527626,0.317749857902527,"Man",NA,"Akeroya","Rock"
"Brown algae",0.0168487057089806,0.0177906826138496,0.0219533778727055,0.0205940883606672,0.0144815612584352,"Man",NA,"Akeroya","Brown algae"
"Green algae",0.0203028991818428,0.0398421250283718,0.231687232851982,0.110948212444782,0.0185476988554001,"Man",NA,"Akeroya","Fucus vesiculosus"
"Green algae",0.0202555377036333,0.0375778004527092,0.228645861148834,0.101927317678928,0.0181970577687025,"Man",NA,"Akeroya","Fucus vesiculosus"
"Green algae",0.0215920731425285,0.0415589287877083,0.231363028287888,0.1119489595294,0.0186366178095341,"Man",NA,"Akeroya","Fucus vesiculosus"
"Brown algae",0.0169588942080736,0.0181363746523857,0.11546216160059,0.0557554922997952,0.0129820313304663,"Man",NA,"Akeroya","Brown algae"
"Brown algae",0.0161583814769983,0.0181337725371122,0.105909131467342,0.0554590858519077,0.0129175847396255,"Man",NA,"Akeroya","Brown algae"
"Brown algae",0.0143749453127384,0.0157803110778332,0.0929509252309799,0.0499352775514126,0.0120071973651648,"Man",NA,"Akeroya","Brown algae"
"Green algae",0.024347148835659,0.0309794433414936,0.146392673254013,0.071595661342144,0.0214862748980522,"Man",NA,"Akeroya","Fucus vesiculosus"
"Green algae",0.021243205294013,0.0270391572266817,0.143890380859375,0.0663793981075287,0.0181900933384895,"Man",NA,"Akeroya","Fucus vesiculosus"
"Green algae",0.0213783830404282,0.0237665344029665,0.136933922767639,0.0585152469575405,0.0175384506583214,"Man",NA,"Akeroya","Fucus vesiculosus"
"Brown algae",0.0139135904610157,0.0140997041016817,0.0592979602515697,0.0429095700383186,0.0095772510394454,"Man",NA,"Akeroya","Brown algae"
"Brown algae",0.0138501133769751,0.0145627474412322,0.0532870776951313,0.0399683341383934,0.00997150782495737,"Man",NA,"Akeroya","Brown algae"
"Brown algae",0.0130999265238643,0.0137505736202002,0.055980496108532,0.0385983400046825,0.00973366759717464,"Man",NA,"Akeroya","Brown algae"
"Brown algae",0.0135207194834948,0.0141145810484886,0.0490387976169586,0.0396876409649849,0.0100768627598882,"Man",NA,"Akeroya","Brown algae"
"Lichen",0.0554157122969627,0.0648218989372253,0.169320091605186,0.0910871997475624,0.062411542981863,"Man",NA,"Akeroya","Lichen"
"Lichen",0.0552522763609886,0.0663401409983635,0.168512344360352,0.0907441005110741,0.0606269910931587,"Man",NA,"Akeroya","Green algae"
"Lichen",0.0541865192353725,0.0644293949007988,0.161108195781708,0.0845545828342438,0.0598980039358139,"Man",NA,"Akeroya","Green algae"
"Lichen",0.0530898533761501,0.0644947364926338,0.159896790981293,0.0836266055703163,0.0600615367293358,"Man",NA,"Akeroya","Green algae"
"Rock",0.172588437795639,0.265721052885056,0.351874023675919,0.353744208812714,0.328043550252914,"Man",NA,"Akeroya","Rock"
"Rock",0.179011434316635,0.281500428915024,0.343733936548233,0.357713282108307,0.342727214097977,"Man",NA,"Akeroya","Rock"
"Rock",0.160585939884186,0.258597254753113,0.330550283193588,0.337511420249939,0.316419124603271,"Man",NA,"Akeroya","Rock"
"Rock",0.145998999476433,0.235683530569077,0.306325793266296,0.313335299491882,0.294601768255234,"Man",NA,"Akeroya","Rock"
"Rock",0.144081085920334,0.229049026966095,0.301270067691803,0.310736060142517,0.287420958280563,"Man",NA,"Akeroya","Rock"
"Rock",0.142884090542793,0.232996329665184,0.305422902107239,0.311295062303543,0.294940441846848,"Man",NA,"Akeroya","Rock"
"Rock",0.142983347177505,0.225631639361382,0.300349146127701,0.306294292211533,0.286353319883347,"Man",NA,"Akeroya","Rock"
"Rock",0.140656962990761,0.22959566116333,0.307904750108719,0.314869940280914,0.295607179403305,"Man",NA,"Akeroya","Rock"
"Rock",0.146846190094948,0.243009462952614,0.309137314558029,0.319699048995972,0.304744809865952,"Man",NA,"Akeroya","Rock"
"Rock",0.212095305323601,0.321973025798798,0.419424146413803,0.416392028331757,0.393845617771149,"Man",NA,"Akeroya","Rock"
"Rock",0.216371223330498,0.325370162725449,0.41742992401123,0.418180495500565,0.400994539260864,"Man",NA,"Akeroya","Rock"
"Rock",0.213803455233574,0.324615061283112,0.423272460699081,0.418755501508713,0.395658403635025,"Man",NA,"Akeroya","Rock"
"Rock",0.640972018241882,0.735948085784912,0.78745973110199,0.73282927274704,0.720660030841827,"Man",NA,"Akeroya","Rock"
"Rock",0.599499523639679,0.698413550853729,0.80112898349762,0.727471172809601,0.714677393436432,"Man",NA,"Akeroya","Rock"
"Rock",0.611530780792236,0.729196310043335,0.79554671049118,0.751142978668213,0.738976538181305,"Man",NA,"Akeroya","Rock"
"Rock",0.544226467609406,0.588961124420166,0.728641092777252,0.715845227241516,0.68627142906189,"Man",NA,"Akeroya","Rock"
"Marram grass",0.0520587973296642,0.0952624082565308,0.296137869358063,0.176346674561501,0.0739032179117203,"Man",NA,"Akeroya","Green algae"
"Marram grass",0.112152546644211,0.152204841375351,0.246962338685989,0.199229225516319,0.153970524668694,"Man",NA,"Akeroya","Rock"
"Marram grass",0.0797159671783447,0.1146340072155,0.24973551928997,0.184741318225861,0.116815321147442,"Man",NA,"Akeroya","Rock"
"Marram grass",0.100346557796001,0.134095743298531,0.250777453184128,0.195242956280708,0.133180558681488,"Man",NA,"Akeroya","Rock"
"Marram grass",0.0804485753178596,0.116506360471249,0.264348447322845,0.182281374931335,0.112215206027031,"Man",NA,"Akeroya","Rock"
"Marram grass",0.0671866312623024,0.109603576362133,0.288556784391403,0.18693995475769,0.0934541970491409,"Man",NA,"Akeroya","Green algae"
"Marram grass",0.0765022113919258,0.120865397155285,0.288963794708252,0.187929168343544,0.106319330632687,"Man",NA,"Akeroya","Rock"
"Marram grass",0.0722735226154327,0.112432040274143,0.301804780960083,0.192297220230103,0.0992043912410736,"Man",NA,"Akeroya","Rock"
"Marram grass",0.0498990826308727,0.076362244784832,0.183398097753525,0.122378386557102,0.0761769711971283,"Man",NA,"Akeroya","Green algae"
"Marram grass",0.031225748360157,0.0401859097182751,0.10122686624527,0.0641679465770721,0.0427142456173897,"Man",NA,"Akeroya","Brown algae"
"Marram grass",0.0405718646943569,0.0562915652990341,0.149134233593941,0.0913778021931648,0.0585705935955048,"Man",NA,"Akeroya","Lichen"
"Marram grass",0.0796148553490639,0.111572422087193,0.230009093880653,0.169660225510597,0.109441973268986,"Man",NA,"Akeroya","Rock"
"Shrubs",0.0201975703239441,0.0419069230556488,0.336839735507965,0.121684521436691,0.0232334844768047,"Man",NA,"Akeroya","Shrubs"
"Shrubs",0.0223802980035543,0.050417385995388,0.39617657661438,0.144422873854637,0.0266911908984184,"Man",NA,"Akeroya","Shrubs"
"Marram grass",0.0700370743870735,0.0815161764621735,0.1252720952034,0.101616904139519,0.0905361697077751,"Man",NA,"Akeroya","Sand"
"Marram grass",0.0756649300456047,0.0860611498355865,0.129527702927589,0.106803700327873,0.0966785326600075,"Man",NA,"Akeroya","Sand"
"Marram grass",0.0689295306801796,0.0776872932910919,0.122051067650318,0.100260116159916,0.0899276733398438,"Man",NA,"Akeroya","Sand"
"Marram grass",0.071343369781971,0.0797645524144173,0.121746025979519,0.101155497133732,0.0922610610723495,"Man",NA,"Akeroya","Sand"
"Marram grass",0.0612622611224651,0.0694542229175568,0.116513438522816,0.0946907922625542,0.079678013920784,"Man",NA,"Akeroya","Sand"
"Sand",0.0507574379444122,0.0669926777482033,0.0923967733979225,0.0835977122187614,0.0613644495606422,"GT","Sp04_la","Akeroya","Sand"
"Sand",0.0600564330816269,0.0673283264040947,0.0662882104516029,0.0668177604675293,0.0651228800415993,"GT","Sp04_la","Akeroya","Sand"
"Sand",0.0577055662870407,0.0660142973065376,0.0665109306573868,0.0671307146549225,0.065500907599926,"GT","Sp04_la","Akeroya","Sand"
"Sand",0.0609765946865082,0.0677423104643822,0.0683403387665749,0.0700975582003593,0.0669934153556824,"GT","Sp04_la","Akeroya","Sand"
"Sand",0.0610946975648403,0.0687186717987061,0.0693032369017601,0.0698304325342178,0.06830745190382,"GT","Sp04_la","Akeroya","Sand"
"Sand",0.0524012558162212,0.0609814710915089,0.0695984363555908,0.0636242255568504,0.0593019314110279,"GT","Sp04_la","Akeroya","Sand"
"Sand",0.0442783683538437,0.0532047189772129,0.0697493702173233,0.0651699975132942,0.0516501627862453,"GT","Sp04_la","Akeroya","Sand"
"Sand",0.0526452846825123,0.0603608153760433,0.0700838714838028,0.0651660487055779,0.0605426989495754,"GT","Sp04_la","Akeroya","Sand"
"Sand",0.0506811365485191,0.0595763064920902,0.0690505802631378,0.0652564167976379,0.0596589371562004,"GT","Sp04_la","Akeroya","Sand"
"Sand",0.0534196794033051,0.0592755153775215,0.0725217834115028,0.0658148974180222,0.0600324310362339,"GT","Sp04_la","Akeroya","Sand"
"Sand",0.0545581392943859,0.0574207603931427,0.0726035013794899,0.0629841834306717,0.059273861348629,"GT","Sp04_la","Akeroya","Sand"
"Sand",0.0474431924521923,0.0645527467131615,0.0458508655428886,0.0587036497890949,0.0623575933277607,"GT","Sp04_la","Akeroya","Sand"
"Sand",0.0617754869163036,0.0687384754419327,0.0685351192951202,0.0692200139164925,0.0664895921945572,"GT","Sp04_la","Akeroya","Sand"
"Sand",0.0621567107737064,0.0709612369537354,0.0697056204080582,0.072176106274128,0.0687975883483887,"GT","Sp04_la","Akeroya","Sand"
"Sand",0.0636551529169083,0.072361022233963,0.0718751475214958,0.0721946805715561,0.0716903135180473,"GT","Sp04_la","Akeroya","Sand"
"Sand",0.0629698261618614,0.0738323703408241,0.0734274610877037,0.0726247206330299,0.0714492201805115,"GT","Sp04_la","Akeroya","Sand"
"Sand",0.0635636150836945,0.0727446749806404,0.0739978402853012,0.0703247115015984,0.0717901065945625,"GT","Sp04_la","Akeroya","Sand"
"Sand",0.0461931824684143,0.0634871795773506,0.0412166975438595,0.0544018596410751,0.0586720407009125,"GT","Sp04_la","Akeroya","Sand"
"Sand",0.0460262298583984,0.0643139258027077,0.0393380485475063,0.0544850304722786,0.059088122099638,"GT","Sp04_la","Akeroya","Sand"
"Sand",0.0447801426053047,0.0641733855009079,0.0389071330428123,0.0554330982267857,0.0581964328885078,"GT","Sp04_la","Akeroya","Sand"
"Sand",0.0375443138182163,0.0594541952013969,0.0346682853996754,0.0467635914683342,0.0503613874316216,"GT","Sp04_la","Akeroya","Sand"
"Sand",0.0371186435222626,0.0580242909491062,0.0341344550251961,0.0467774458229542,0.0506721772253513,"GT","Sp04_la","Akeroya","Sand"
"Sand",0.0367619581520557,0.0591963082551956,0.0354408249258995,0.0432259887456894,0.0509418994188309,"GT","Sp04_la","Akeroya","Sand"
"Sand",0.0299049727618694,0.0527990609407425,0.0294375643134117,0.0304352268576622,0.0436076745390892,"GT","Sp04_la","Akeroya","Sand"
"Sand",0.0296027213335037,0.0514138489961624,0.0281724575906992,0.0310049019753933,0.0429234355688095,"GT","Sp04_la","Akeroya","Sand"
"Sand",0.0301100108772516,0.0517542064189911,0.0288561396300793,0.0311514884233475,0.043630663305521,"GT","Sp04_la","Akeroya","Sand"
"Sand",0.0304623078554869,0.0519569851458073,0.0288704726845026,0.031173387542367,0.0443165637552738,"GT","Sp04_la","Akeroya","Sand"
"Sand",0.0299679934978485,0.0521570183336735,0.0294466223567724,0.0319165736436844,0.0428990386426449,"GT","Sp04_la","Akeroya","Sand"
"Sand",0.0219412129372358,0.041332945227623,0.0233987122774124,0.0181342512369156,0.0292600188404322,"GT","Sp04_la","Akeroya","Sand"
"Sand",0.0216177012771368,0.040700439363718,0.0227646809071302,0.0180447679013014,0.0297980196774006,"GT","Sp04_la","Akeroya","Sand"
"Sand",0.0219621062278748,0.0403635613620281,0.0242459271103144,0.0178620461374521,0.0295521821826696,"GT","Sp04_la","Akeroya","Sand"
"Sand",0.0224027615040541,0.0411032028496265,0.0234882179647684,0.0185463596135378,0.0298881456255913,"GT","Sp04_la","Akeroya","Sand"
"Sand",0.0223501697182655,0.0408320091664791,0.0230005439370871,0.0177459437400103,0.0299324654042721,"GT","Sp04_la","Akeroya","Sand"
"Green algae",0.072170615196228,0.107917487621307,0.230874851346016,0.168167889118195,0.0855755880475044,"GT","Sp04_la","Akeroya","Green algae"
"Green algae",0.0384454876184464,0.07618797570467,0.207244351506233,0.159093528985977,0.0454369522631168,"GT","Sp04_la","Akeroya","Green algae"
"Green algae",0.0289884451776743,0.0614790134131908,0.190716654062271,0.146714955568314,0.0342505238950253,"GT","Sp04_la","Akeroya","Green algae"
"Green algae",0.0258574970066547,0.0539006739854813,0.167702063918114,0.132926926016808,0.0297549907118082,"GT","Sp04_la","Akeroya","Green algae"
"Green algae",0.0286588501185179,0.0697313249111176,0.197050988674164,0.150104060769081,0.0343803726136684,"GT","Sp04_la","Akeroya","Green algae"
"Green algae",0.0279438029974699,0.0683805644512177,0.201298832893372,0.159541368484497,0.0322708450257778,"GT","Sp04_la","Akeroya","Green algae"
"Green algae",0.0820300579071045,0.119648888707161,0.193318635225296,0.164630576968193,0.0948188751935959,"GT","Sp04_la","Akeroya","Green algae"
"Green algae",0.0567103400826454,0.0941188335418701,0.205827981233597,0.165896490216255,0.0667788162827492,"GT","Sp04_la","Akeroya","Green algae"
"Green algae",0.0380465909838676,0.0803906247019768,0.212492361664772,0.166649699211121,0.0456101186573505,"GT","Sp04_la","Akeroya","Green algae"
"Green algae",0.0307470578700304,0.076867051422596,0.241197064518929,0.178153231739998,0.0380952470004559,"GT","Sp04_la","Akeroya","Green algae"
"Fucus vesiculosus",0.0386161394417286,0.056777261197567,0.0581168904900551,0.0615266114473343,0.0471676737070084,"GT","Sp04_la","Akeroya","Sand"
"Fucus vesiculosus",0.0210844613611698,0.0266869738698006,0.15191613137722,0.0814106017351151,0.0206657089293003,"GT","Sp04_la","Akeroya","Fucus vesiculosus"
"Fucus vesiculosus",0.020619310438633,0.0259681884199381,0.136195436120033,0.0724556446075439,0.020737461745739,"GT","Sp04_la","Akeroya","Fucus vesiculosus"
"Fucus vesiculosus",0.0205732882022858,0.0264005996286869,0.151886150240898,0.0753049105405807,0.0205769520252943,"GT","Sp04_la","Akeroya","Fucus vesiculosus"
"Fucus vesiculosus",0.0200256258249283,0.0303367618471384,0.168819338083267,0.113014757633209,0.0208173710852861,"GT","Sp04_la","Akeroya","Fucus vesiculosus"
"Fucus vesiculosus",0.0205838400870562,0.0319577045738697,0.190075039863586,0.117245472967625,0.021494559943676,"GT","Sp04_la","Akeroya","Fucus vesiculosus"
"Fucus vesiculosus",0.0229357872158289,0.032554104924202,0.219905585050583,0.11295860260725,0.0219612345099449,"GT","Sp04_la","Akeroya","Fucus vesiculosus"
"Fucus vesiculosus",0.0226811692118645,0.0351782292127609,0.221964105963707,0.12195561081171,0.0228493958711624,"GT","Sp04_la","Akeroya","Fucus vesiculosus"
"Fucus vesiculosus",0.0213605593889952,0.0322674103081226,0.198839783668518,0.110095724463463,0.0210470240563154,"GT","Sp04_la","Akeroya","Fucus vesiculosus"
"Fucus vesiculosus",0.0203488897532225,0.0319085828959942,0.190346404910088,0.115148931741714,0.019741902127862,"GT","Sp04_la","Akeroya","Fucus vesiculosus"
"Fucus vesiculosus",0.0235971510410309,0.0327789671719074,0.0732840523123741,0.0549956932663918,0.0244389921426773,"GT","Sp04_la","Akeroya","Fucus vesiculosus"
"Fucus vesiculosus",0.0198171380907297,0.0252424720674753,0.127861827611923,0.0720798671245575,0.0193325411528349,"GT","Sp04_la","Akeroya","Fucus vesiculosus"
"Sand",0.0475064106285572,0.0732457041740417,0.0454224869608879,0.0644154697656631,0.0662918537855148,"GT","Sp04_la","Akeroya","Sand"
"Fucus vesiculosus",0.0259814523160458,0.0332110747694969,0.258818864822388,0.12459209561348,0.0231750626116991,"GT","Sp04_la","Akeroya","Fucus vesiculosus"
"Fucus vesiculosus",0.0232814941555262,0.0318656265735626,0.236815437674522,0.117596544325352,0.0223406050354242,"GT","Sp04_la","Akeroya","Fucus vesiculosus"
"Fucus vesiculosus",0.0221602544188499,0.0310505013912916,0.215387538075447,0.112617358565331,0.0214456673711538,"GT","Sp04_la","Akeroya","Fucus vesiculosus"
"Green algae",0.0344910770654678,0.0809360295534134,0.269744664430618,0.196521461009979,0.0402271524071693,"GT","Sp04_la","Akeroya","Green algae"
"Green algae",0.0336949229240417,0.0835238769650459,0.277753710746765,0.2043347209692,0.0408509932458401,"GT","Sp04_la","Akeroya","Green algae"
"Green algae",0.0381234101951122,0.092471182346344,0.30954521894455,0.225496917963028,0.0454157069325447,"GT","Sp04_la","Akeroya","Green algae"
"Green algae",0.03849171474576,0.100982874631882,0.280108064413071,0.224552720785141,0.0449865981936455,"GT","Sp04_la","Akeroya","Green algae"
"Green algae",0.0331653915345669,0.0881010890007019,0.228246703743935,0.191137731075287,0.0405793339014053,"GT","Sp04_la","Akeroya","Green algae"
"Green algae",0.0245554037392139,0.0587380602955818,0.144999757409096,0.13263364136219,0.031675036996603,"GT","Sp04_la","Akeroya","Green algae"
"Green algae",0.0446642078459263,0.112954095005989,0.290944397449493,0.241413250565529,0.0535011179745197,"GT","Sp04_la","Akeroya","Green algae"
"Green algae",0.0404622256755829,0.101228550076485,0.280283004045486,0.228233367204666,0.0483372695744038,"GT","Sp04_la","Akeroya","Green algae"
"Lichen",0.0419068969786167,0.0499650314450264,0.138235256075859,0.0709710642695427,0.0443130061030388,"GT","Sp04_la","Akeroya","Green algae"
"Lichen",0.0436061955988407,0.0537655539810658,0.13454906642437,0.0741250589489937,0.0458852387964725,"GT","Sp04_la","Akeroya","Green algae"
"Lichen",0.0494967438280582,0.0616255365312099,0.166105821728706,0.0914633646607399,0.0557354390621185,"GT","Sp04_la","Akeroya","Green algae"
"Lichen",0.0501863285899162,0.063823401927948,0.167046263813972,0.0956485122442245,0.0567533746361732,"GT","Sp04_la","Akeroya","Green algae"
"Lichen",0.0494118109345436,0.0636278986930847,0.17226268351078,0.0947398021817207,0.0593243576586246,"GT","Sp04_la","Akeroya","Green algae"
"Lichen",0.0502188503742218,0.0655033886432648,0.168711274862289,0.0956101268529892,0.0590735897421837,"GT","Sp04_la","Akeroya","Green algae"
"Lichen",0.0483703352510929,0.0623295791447163,0.169402554631233,0.0949015691876411,0.0585131235420704,"GT","Sp04_la","Akeroya","Green algae"
"Lichen",0.0642588883638382,0.0842832028865814,0.184844151139259,0.128310993313789,0.0731671899557114,"GT","Sp04_la","Akeroya","Green algae"
"Lichen",0.0686145797371864,0.0948613435029984,0.195534870028496,0.137593567371368,0.0798795372247696,"GT","Sp04_la","Akeroya","Green algae"
"Lichen",0.0704445540904999,0.0907131135463715,0.192673191428185,0.133551761507988,0.0784453451633453,"GT","Sp04_la","Akeroya","Green algae"
"Lichen",0.0575598329305649,0.0758586600422859,0.173995211720467,0.114843845367432,0.0646737366914749,"GT","Sp04_la","Akeroya","Green algae"
"Lichen",0.0605552606284618,0.0794271305203438,0.175446704030037,0.120048999786377,0.069548025727272,"GT","Sp04_la","Akeroya","Green algae"
"Fucus vesiculosus",0.0176717154681683,0.0206288881599903,0.246621355414391,0.0994633436203003,0.0154442489147186,"GT","Sp04_la","Akeroya","Fucus vesiculosus"
"Fucus vesiculosus",0.0171006415039301,0.0210224278271198,0.245286092162132,0.103535242378712,0.0151240061968565,"GT","Sp04_la","Akeroya","Fucus vesiculosus"
"Lichen",0.0679224506020546,0.0844278633594513,0.19373694062233,0.122006624937057,0.0739594474434853,"GT","Sp04_la","Akeroya","Green algae"
"Lichen",0.0689475238323212,0.0864719152450562,0.191172674298286,0.122505262494087,0.0742820203304291,"GT","Sp04_la","Akeroya","Green algae"
"Fucus vesiculosus",0.0172223821282387,0.0217064339667559,0.205031856894493,0.085818387567997,0.0156212151050568,"GT","Sp04_la","Akeroya","Fucus vesiculosus"
"Fucus vesiculosus",0.0176841057837009,0.0218146778643131,0.212599828839302,0.0939474999904633,0.0163147952407598,"GT","Sp04_la","Akeroya","Fucus vesiculosus"
"Fucus vesiculosus",0.0181329175829887,0.0222205780446529,0.225428804755211,0.0935337021946907,0.017084427177906,"GT","Sp04_la","Akeroya","Fucus vesiculosus"
"Fucus vesiculosus",0.0168820824474096,0.0211533233523369,0.22775211930275,0.0904204919934273,0.0144244767725468,"GT","Sp04_la","Akeroya","Fucus vesiculosus"
"Green algae",0.0206755548715591,0.0301793124526739,0.286235779523849,0.120870783925056,0.0230093635618687,"GT","Sp04_la","Akeroya","Heather"
"Green algae",0.0225816033780575,0.0572656691074371,0.229407548904419,0.165993377566338,0.0288927741348743,"GT","Sp04_la","Akeroya","Shrubs"
"Green algae",0.0236298833042383,0.0656380355358124,0.238582149147987,0.176935583353043,0.0315952375531197,"GT","Sp04_la","Akeroya","Shrubs"
"Green algae",0.0212219581007957,0.0249157268553972,0.0657328739762306,0.0692691504955292,0.0177176911383867,"GT","Sp04_la","Akeroya","Brown algae"
"Green algae",0.0221964474767447,0.0244959816336632,0.0721734389662743,0.0700429156422615,0.0176367834210396,"GT","Sp04_la","Akeroya","Brown algae"
"Green algae",0.0220797024667263,0.0246014650911093,0.0679624378681183,0.0666365474462509,0.0178318358957767,"GT","Sp04_la","Akeroya","Brown algae"
"Fucus serratus ",0.0215062294155359,0.0238624047487974,0.0459130071103573,0.0615425705909729,0.0172599889338017,"GT","Sp04_la","Akeroya","Fucus serratus "
"Fucus serratus ",0.0211720783263445,0.023614227771759,0.047096025198698,0.0584238097071648,0.0170911997556686,"GT","Sp04_la","Akeroya","Brown algae"
"Fucus serratus ",0.0215215105563402,0.0230994578450918,0.0461586005985737,0.056452814489603,0.0165175125002861,"GT","Sp04_la","Akeroya","Fucus serratus "
"Fucus serratus ",0.0217796117067337,0.0228084642440081,0.0540389008820057,0.0578125901520252,0.0173821710050106,"GT","Sp04_la","Akeroya","Brown algae"
"Fucus serratus ",0.0215690769255161,0.0230392757803202,0.0471758022904396,0.0585175417363644,0.0173839535564184,"GT","Sp04_la","Akeroya","Brown algae"
"Fucus serratus ",0.0212467107921839,0.0228557996451855,0.0495904870331287,0.0584304258227348,0.0171660725027323,"GT","Sp04_la","Akeroya","Brown algae"
"Fucus serratus ",0.0213596913963556,0.0225378107279539,0.0544235818088055,0.0613369271159172,0.0173187647014856,"GT","Sp04_la","Akeroya","Brown algae"
"Fucus serratus ",0.0221089646220207,0.0216874107718468,0.0568836703896523,0.0640916153788567,0.0184063278138638,"GT","Sp04_la","Akeroya","Brown algae"
"Fucus serratus ",0.0204908363521099,0.0208054650574923,0.0556000284850597,0.0619362778961658,0.016788536682725,"GT","Sp04_la","Akeroya","Brown algae"
"Fucus serratus ",0.0204806346446276,0.025585625320673,0.0685059502720833,0.0788460597395897,0.0164200607687235,"GT","Sp04_la","Akeroya","Fucus serratus "
"Fucus serratus ",0.0201094355434179,0.0226973723620176,0.0823951959609985,0.0748278647661209,0.0157481245696545,"GT","Sp04_la","Akeroya","Brown algae"
"Fucus serratus ",0.0203916076570749,0.0241364035755396,0.0589100047945976,0.071565642952919,0.0159736853092909,"GT","Sp04_la","Akeroya","Fucus serratus "
"Fucus serratus ",0.0204714853316545,0.0221358109265566,0.076979748904705,0.0669532492756844,0.0158638674765825,"GT","Sp04_la","Akeroya","Brown algae"
"Red algae",0.0158508438616991,0.0133751509711146,0.0409637317061424,0.071074903011322,0.014720899052918,"GT","Sp04_la","Akeroya","Red algae"
"Red algae",0.0159653276205063,0.0132467560470104,0.0387075543403625,0.0704458206892014,0.0145880682393909,"GT","Sp04_la","Akeroya","Red algae"
"Red algae",0.0163397714495659,0.0130329132080078,0.0266973599791527,0.0427893400192261,0.0137825310230255,"GT","Sp04_la","Akeroya","Red algae"
"Red algae",0.0157223865389824,0.012492785230279,0.0277311354875565,0.0411284379661083,0.0144552430137992,"GT","Sp04_la","Akeroya","Red algae"
"Rock",0.271249860525131,0.229418486356735,0.37177249789238,0.334742039442062,0.264864921569824,"GT","Sp04_la","Akeroya","Rock"
"Rock",0.263865888118744,0.226390495896339,0.331111490726471,0.319413632154465,0.255890667438507,"GT","Sp04_la","Akeroya","Rock"
"Rock",0.320603460073471,0.26695117354393,0.426744848489761,0.380069434642792,0.318669378757477,"GT","Sp04_la","Akeroya","Rock"
"Rock",0.328063160181046,0.299818158149719,0.408632159233093,0.375770568847656,0.342115342617035,"GT","Sp04_la","Akeroya","Rock"
"Rock",0.331017851829529,0.29840949177742,0.408365517854691,0.376327872276306,0.343113869428635,"GT","Sp04_la","Akeroya","Rock"
"Rock",0.347079455852509,0.329255014657974,0.421960741281509,0.411081105470657,0.366556227207184,"GT","Sp04_la","Akeroya","Rock"
"Rock",0.321250706911087,0.304415911436081,0.397810906171799,0.38938295841217,0.343887209892273,"GT","Sp04_la","Akeroya","Rock"
"Lichen",0.0650840997695923,0.0655769109725952,0.173896729946136,0.0983822420239449,0.0641041770577431,"GT","Sp04_la","Akeroya","Lichen"
"Lichen",0.0690032765269279,0.0722688585519791,0.186722934246063,0.108411319553852,0.0701123252511024,"GT","Sp04_la","Akeroya","Lichen"
"Lichen",0.0691586211323738,0.069537989795208,0.177290931344032,0.0998924672603607,0.0669064447283745,"GT","Sp04_la","Akeroya","Lichen"
"Lichen",0.0681377574801445,0.0705618187785149,0.175772771239281,0.103140763938427,0.0680919662117958,"GT","Sp04_la","Akeroya","Lichen"
"Red algae",0.0153148751705885,0.0166695322841406,0.0340896397829056,0.0639607459306717,0.0165146570652723,"GT","Sp04_la","Akeroya","Red algae"
"Red algae",0.0149148963391781,0.0162032339721918,0.0314820185303688,0.0554409809410572,0.0179429892450571,"GT","Sp04_la","Akeroya","Red algae"
"Red algae",0.0140888374298811,0.0171338226646185,0.0323273949325085,0.0536200329661369,0.0172955319285393,"GT","Sp04_la","Akeroya","Red algae"
"Red algae",0.0152941597625613,0.0199219863861799,0.0334365554153919,0.0540992245078087,0.0204756092280149,"GT","Sp04_la","Akeroya","Brown algae"
"Red algae",0.0148931611329317,0.0170211903750896,0.0321352183818817,0.0512717589735985,0.0180208962410688,"GT","Sp04_la","Akeroya","Red algae"
"Green algae",0.0145559879019856,0.0309212785214186,0.0508192852139473,0.0786410570144653,0.0174653846770525,"GT","Sp04_la","Akeroya","Green algae"
"Lichen",0.0361173003911972,0.0439996384084225,0.134979382157326,0.0766078233718872,0.0514619313180447,"GT","Sp04_la","Akeroya","Tangvoll"
"Lichen",0.0363542027771473,0.0454777367413044,0.131752744317055,0.0756142362952232,0.0513639822602272,"GT","Sp04_la","Akeroya","Tangvoll"
"Lichen",0.0366006195545197,0.0448074638843536,0.133661597967148,0.0787136852741241,0.0510274283587933,"GT","Sp04_la","Akeroya","Tangvoll"
"Lichen",0.0375595800578594,0.044866256415844,0.137188822031021,0.0777936056256294,0.0546762458980083,"GT","Sp04_la","Akeroya","Tangvoll"
"Lichen",0.0374408774077892,0.044498547911644,0.133297875523567,0.0768108069896698,0.0528715923428535,"GT","Sp04_la","Akeroya","Tangvoll"
"Sand",0.0868998095393181,0.115844838321209,0.0643532648682594,0.106707401573658,0.11538153141737,"GT","Sp04_la","Akeroya","Sand"
"Sand",0.0872104838490486,0.11774580925703,0.0629609003663063,0.109598979353905,0.116133265197277,"GT","Sp04_la","Akeroya","Sand"
"Sand",0.0877329781651497,0.118651263415813,0.0686811059713364,0.112784273922443,0.118152193725109,"GT","Sp04_la","Akeroya","Sand"
"Sand",0.0862174183130264,0.113829396665096,0.0767866522073746,0.10809963196516,0.115462832152843,"GT","Sp04_la","Akeroya","Sand"
"Sand",0.0526430159807205,0.0837944522500038,0.0237714126706123,0.0572872124612331,0.0762181952595711,"GT","Sp04_la","Akeroya","Sand"
"Sand",0.0533879771828651,0.0936324819922447,0.0257508531212807,0.0584719590842724,0.0766350626945496,"GT","Sp04_la","Akeroya","Sand"
"Sand",0.0358690209686756,0.0705337449908257,0.0172793753445148,0.0331823527812958,0.0523079335689545,"GT","Sp04_la","Akeroya","Sand"
"Sand",0.0349318124353886,0.0685303658246994,0.0174619611352682,0.0352721214294434,0.0528490804135799,"GT","Sp04_la","Akeroya","Sand"
"Sand",0.0235884655267,0.052467655390501,0.0132845127955079,0.0186275877058506,0.0314244851469994,"GT","Sp04_la","Akeroya","Sand"
"Sand",0.022665211930871,0.0481127686798573,0.0138919502496719,0.0169339552521706,0.0307529345154762,"GT","Sp04_la","Akeroya","Sand"
"Sand",0.0210100468248129,0.0451834015548229,0.0135635314509273,0.0187027640640736,0.0273070968687534,"GT","Sp04_la","Akeroya","Sand"
"Sand",0.0189817622303963,0.0368086732923985,0.0124903889372945,0.0162337720394135,0.0231528859585524,"GT","Sp04_la","Akeroya","Sand"
"Fucus vesiculosus",0.012049650773406,0.0154336942359805,0.0855108574032784,0.0585707016289234,0.00961027108132839,"GT","Sp04_la","Akeroya","Brown algae"
"Fucus serratus ",0.0113297114148736,0.0128895109519362,0.0238648504018784,0.0256334748119116,0.00913475546985865,"GT","Sp04_la","Akeroya","Red algae"
"Fucus serratus ",0.0117608495056629,0.0154187902808189,0.0362542569637299,0.0427407212555408,0.0103065306320786,"GT","Sp04_la","Akeroya","Brown algae"
"Fucus serratus ",0.0148971620947123,0.0196643117815256,0.0270721130073071,0.0385975688695908,0.0126303369179368,"GT","Sp04_la","Akeroya","Fucus serratus "
"Fucus serratus ",0.0145703693851829,0.0160780791193247,0.0261922217905521,0.0305724535137415,0.0123443435877562,"GT","Sp04_la","Akeroya","Brown algae"
"Fucus serratus ",0.0138717973604798,0.015204225666821,0.0252918787300587,0.0268619880080223,0.0112274726852775,"GT","Sp04_la","Akeroya","Brown algae"
"Fucus serratus ",0.0150695545598865,0.0170476790517569,0.026803269982338,0.0351152904331684,0.0122676976025105,"GT","Sp04_la","Akeroya","Brown algae"
"Fucus vesiculosus",0.0146078439429402,0.0156003134325147,0.0336399562656879,0.0357649922370911,0.0128395799547434,"GT","Sp04_la","Akeroya","Brown algae"
"Fucus vesiculosus",0.01431695651263,0.015691339969635,0.0308557618409395,0.0307557117193937,0.0127207040786743,"GT","Sp04_la","Akeroya","Brown algae"
"Fucus vesiculosus",0.0141382236033678,0.0162847097963095,0.0409384034574032,0.0398943424224854,0.0119485929608345,"GT","Sp04_la","Akeroya","Brown algae"
"Fucus vesiculosus",0.0140891568735242,0.0150082847103477,0.0391955561935902,0.0382146015763283,0.0115092797204852,"GT","Sp04_la","Akeroya","Brown algae"
"Fucus vesiculosus",0.01371546741575,0.0176077820360661,0.0417767018079758,0.0471684671938419,0.0117444330826402,"GT","Sp04_la","Akeroya","Brown algae"
"Fucus vesiculosus",0.0146936643868685,0.0183354094624519,0.0674672648310661,0.0599397532641888,0.0117526231333613,"GT","Sp04_la","Akeroya","Brown algae"
"Fucus vesiculosus",0.0134721202775836,0.0178305599838495,0.0454378537833691,0.0478845722973347,0.012080006301403,"GT","Sp04_la","Akeroya","Brown algae"
"Fucus serratus ",0.0145341828465462,0.0221592336893082,0.037838201969862,0.0619842521846294,0.0114617571234703,"GT","Sp04_la","Akeroya","Fucus serratus "
"Fucus serratus ",0.0147804487496614,0.0204103048890829,0.0373711287975311,0.0576479695737362,0.0114353811368346,"GT","Sp04_la","Akeroya","Fucus serratus "
"Fucus serratus ",0.0148764820769429,0.022001264616847,0.0372800529003143,0.0641760006546974,0.0118060680106282,"GT","Sp04_la","Akeroya","Fucus serratus "
"Fucus serratus ",0.0149610824882984,0.0209220796823502,0.0391005165874958,0.0646131336688995,0.0125134661793709,"GT","Sp04_la","Akeroya","Fucus serratus "
"Fucus serratus ",0.014756883494556,0.0186252947896719,0.0334009975194931,0.0490648150444031,0.0117643848061562,"GT","Sp04_la","Akeroya","Fucus serratus "
"Fucus vesiculosus",0.0494176670908928,0.0708176493644714,0.163384929299355,0.176034063100815,0.0475246831774712,NA,NA,"Bolaerne","Green algae"
"Rock",0.0615561679005623,0.098041370511055,0.215354010462761,0.227233618497849,0.184319823980331,NA,NA,"Bolaerne","Red algae"
"Rock",0.062968872487545,0.100182346999645,0.211643934249878,0.228016525506973,0.188472345471382,NA,NA,"Bolaerne","Red algae"
"Brown algae",0.0282978173345327,0.0343826375901699,0.244556590914726,0.105644688010216,0.0500620566308498,NA,NA,"Bolaerne","Heather"
"Brown algae",0.0295967627316713,0.034363429993391,0.123620018362999,0.0677762031555176,0.0473228096961975,NA,NA,"Bolaerne","Brown algae"
"Brown algae",0.0279437582939863,0.0304602738469839,0.113668605685234,0.062380027025938,0.0431448556482792,NA,NA,"Bolaerne","Brown algae"
"Brown algae",0.0293466206640005,0.0354100614786148,0.232198551297188,0.104626320302486,0.0556644424796104,NA,NA,"Bolaerne","Heather"
"Fucus vesiculosus",0.0459006279706955,0.0636330991983414,0.201967120170593,0.163155898451805,0.0475635640323162,NA,NA,"Bolaerne","Green algae"
"Rock",0.0421998836100101,0.190403416752815,0.477812558412552,0.388855993747711,0.145145297050476,NA,NA,"Bolaerne","Green algae"
"Heather",0.0437039062380791,0.0841657072305679,0.281666696071625,0.20710626244545,0.067780539393425,NA,NA,"Bolaerne","Green algae"
"Heather",0.0409825295209885,0.0656485632061958,0.272470057010651,0.188497439026833,0.070154070854187,NA,NA,"Bolaerne","Heather"
"Heather",0.0368217602372169,0.0524765029549599,0.320540845394135,0.197380498051643,0.0730844885110855,NA,NA,"Bolaerne","Heather"
"Heather",0.040157575160265,0.0586729720234871,0.313217967748642,0.199311807751656,0.0793843865394592,NA,NA,"Bolaerne","Heather"
"Rock",0.101276278495789,0.142839267849922,0.247856140136719,0.263857573270798,0.231956988573074,NA,NA,"Bolaerne","Roof"
"Fucus vesiculosus",0.0553490184247494,0.0668475478887558,0.136435568332672,0.137184411287308,0.0578421764075756,NA,NA,"Bolaerne","Green algae"
"Fucus vesiculosus",0.0537567101418972,0.0755510404706001,0.17662850022316,0.183995261788368,0.0534491948783398,NA,NA,"Bolaerne","Green algae"
"Fucus vesiculosus",0.0513933412730694,0.0795580744743347,0.136697486042976,0.165842622518539,0.0583461299538612,NA,NA,"Bolaerne","Green algae"
"Sand",0.0743249505758286,0.103779219090939,0.147985398769379,0.12921841442585,0.128392338752747,NA,NA,"Bolaerne","Sand"
"Sand",0.0781712755560875,0.103325560688972,0.148105397820473,0.132113963365555,0.126711323857307,NA,NA,"Bolaerne","Sand"
"Brown algae",0.0261714849621058,0.0348905771970749,0.203747659921646,0.0925826728343964,0.048224501311779,NA,NA,"Bolaerne","Heather"
"Brown algae",0.0256195925176144,0.033382460474968,0.208770364522934,0.0890987366437912,0.0478373840451241,NA,NA,"Bolaerne","Brown algae"
"Marram grass",0.0747560486197472,0.128131285309792,0.460711866617203,0.232672154903412,0.0788913071155548,NA,NA,"Bolaerne","Grass"
"Fucus vesiculosus",0.049962043762207,0.0722077041864395,0.187601178884506,0.190009757876396,0.0510233230888844,NA,NA,"Bolaerne","Green algae"
"Fucus vesiculosus",0.048213854432106,0.0698924884200096,0.156622290611267,0.162584885954857,0.0525243878364563,NA,NA,"Bolaerne","Green algae"
"Fucus vesiculosus",0.0484854280948639,0.0719256848096848,0.204503878951073,0.200490340590477,0.0488783456385136,NA,NA,"Bolaerne","Green algae"
"Rock",0.0464713238179684,0.220856070518494,0.584459483623505,0.204359829425812,0.179512679576874,NA,NA,"Bolaerne","Grass"
"Rock",0.0501712895929813,0.222726061940193,0.56074994802475,0.46854367852211,0.181460872292519,NA,NA,"Bolaerne","Rock"
"Green algae",0.0496616065502167,0.0858823657035828,0.143382921814919,0.153411939740181,0.0555263459682465,NA,NA,"Bolaerne","Green algae"
"Ascophyllum ",0.0426807850599289,0.0765616819262505,0.320922493934631,0.225386336445808,0.0434673689305782,NA,NA,"Bolaerne","Green algae"
"Ascophyllum ",0.0469825342297554,0.0746946483850479,0.267448425292969,0.191231518983841,0.0464251525700092,NA,NA,"Bolaerne","Green algae"
"Green algae",0.0481196269392967,0.0733728110790253,0.125308349728584,0.112560942769051,0.0509649105370045,NA,NA,"Bolaerne","Green algae"
"Ascophyllum ",0.0650829151272774,0.0928284004330635,0.335560590028763,0.221862375736237,0.0660490170121193,NA,NA,"Bolaerne","Green algae"
"Sand",0.106162436306477,0.139867499470711,0.173767060041428,0.163968592882156,0.159482225775719,NA,NA,"Bolaerne","Sand"
"Sand",0.0935815498232841,0.121934093534946,0.153746053576469,0.147394344210625,0.141056090593338,NA,NA,"Bolaerne","Sand"
"Sand",0.0966933965682983,0.124153435230255,0.155373796820641,0.151042401790619,0.144171178340912,NA,NA,"Bolaerne","Sand"
"Sand",0.0970181450247765,0.126520082354546,0.159250065684319,0.148545727133751,0.144016474485397,NA,NA,"Bolaerne","Sand"
"Sand",0.0663273483514786,0.0845765322446823,0.114451594650745,0.101637430489063,0.0983463898301125,NA,NA,"Bolaerne","Sand"
"Sand",0.066446915268898,0.0853267163038254,0.113852880895138,0.107733376324177,0.0992888435721397,NA,NA,"Bolaerne","Sand"
"Sand",0.0603447295725346,0.0787747725844383,0.110321201384068,0.0965117067098618,0.0958106368780136,NA,NA,"Bolaerne","Sand"
"Sand",0.0570609644055367,0.0767123997211456,0.109743364155293,0.0940075218677521,0.0884946957230568,NA,NA,"Bolaerne","Sand"
"Grass",0.0470567941665649,0.103510312736034,0.424949795007706,0.226919129490852,0.0700875148177147,NA,NA,"Bolaerne","Grass"
"Grass",0.034932479262352,0.089899830520153,0.373744994401932,0.197992101311684,0.0507338643074036,NA,NA,"Bolaerne","Green algae"
"Grass",0.0332725718617439,0.0896466821432114,0.38759657740593,0.195880442857742,0.0467000752687454,NA,NA,"Bolaerne","Shrubs"
"Sand",0.0508765839040279,0.067550964653492,0.0543641783297062,0.0525576025247574,0.0572462230920792,NA,NA,"Bolaerne","Sand"
"Sand",0.05122160166502,0.0664164572954178,0.0523893907666206,0.0509029552340508,0.0524817891418934,NA,NA,"Bolaerne","Sand"
"Sand",0.0492653325200081,0.0612259432673454,0.0493984222412109,0.0442001633346081,0.0475841201841831,NA,NA,"Bolaerne","Sand"
"Brown algae",0.039325799793005,0.0470440089702606,0.0550721660256386,0.0641667246818542,0.0371987782418728,NA,NA,"Bolaerne","Sand"
"Brown algae",0.0397904515266418,0.0465985760092735,0.0524256676435471,0.0615301877260208,0.0359974056482315,NA,NA,"Bolaerne","Sand"
"Brown algae",0.0418032333254814,0.0499515123665333,0.050517063587904,0.04783670976758,0.0384057611227036,NA,NA,"Bolaerne","Sand"
"Brown algae",0.0395016893744469,0.0465101599693298,0.0514835976064205,0.0547030791640282,0.0355756022036076,NA,NA,"Bolaerne","Sand"
"Brown algae",0.0395345278084278,0.0462309010326862,0.0510287880897522,0.0557832270860672,0.0359600000083447,NA,NA,"Bolaerne","Sand"
